brand,cpu_type,cpu_speed,max_cpu_speed,gpu_type,ram_type,ram,ram_speed,storage,screen_size,resolution,webcam,num_sd_slot,material,os,audio_tech,bluetooth_tech,wifi_tech,weight,thickness,width,length,released,ppi,has_lightning,has_thundebolt,has_touchscreen,has_fingerprint,has_camera_lock,has_180_degree,has_face_id,has_antiglare,new_warranty,used_warranty,used_price
Acer,pentium,<1.8,<3.5,Intel,DDR4,4.0,2400.0,512 GB,14.0,< Full HD,VGA,0,Nhựa,Windows,Stereo,5.0,Wi-Fi 5,1.45,19.9,236.0,328.0,2020.0,111.93520355955212,0,0,0,0,0,0,0,0,12,8.5,8030000.0
Acer,i3,1.8-2.5,<3.5,Intel,DDR4,4.0,2400.0,256 GB,15.6,Full HD,VGA,0,Nhựa,Windows,Stereo,4.2,Wi-Fi 5,1.7,19.9,247.5,363.4,2019.0,141.21199808219862,0,0,0,0,0,0,0,0,12,3.0,8110000.0
Acer,i3,<1.8,<3.5,Intel,DDR4,8.0,2400.0,512 GB,15.6,Full HD,VGA,0,Nhựa,Windows,Stereo,4.2,Wi-Fi 5,1.7,19.9,247.5,363.4,2020.0,141.21199808219862,0,0,0,0,0,1,0,0,12,7.0,11330000.0
Acer,i5,<1.8,3.5-4.2,Intel,DDR4,8.0,2400.0,512 GB,15.6,Full HD,VGA,0,Nhựa,Windows,Stereo,4.2,Wi-Fi 5,1.7,19.9,247.5,363.4,2020.0,141.21199808219862,0,0,0,0,0,1,0,0,12,9.0,13190000.0
Acer,i5,1.8-2.5,3.5-4.2,Intel,DDR4,8.0,,512 GB,15.6,> Full HD,HD,0,Nhựa,Windows,Stereo,5.0,Wi-Fi 5,1.7,19.9,238.4,363.4,2021.0,145.1381712624093,0,0,0,0,0,0,0,0,12,9.5,14530000.0
Acer,i7,>2.5,>4.2,Intel,DDR4,8.0,,512 GB,15.6,> Full HD,HD,0,Nhựa,Windows,Stereo,5.0,Wi-Fi 5,1.7,19.9,238.4,363.4,2021.0,145.1381712624093,0,0,0,0,0,0,0,0,12,9.5,17090000.0
Acer,i5,1.8-2.5,3.5-4.2,NVIDIA MX,DDR4,8.0,,512 GB,15.6,> Full HD,HD,0,Nhựa,Windows,Stereo,5.0,Wi-Fi 5,1.7,19.9,238.4,363.4,2021.0,145.1381712624093,0,0,0,0,0,0,0,0,12,9.5,16240000.0
Acer,i3,>2.5,3.5-4.2,Intel,DDR4,4.0,2666.0,256 GB,14.0,Full HD,HD,0,Nhựa + kim loại,Windows,TrueHarmony,5.1,Wi-Fi 6,1.46,17.95,223.0,328.0,2020.0,157.3505121487356,0,0,0,0,0,0,0,1,12,5.5,10640000.0
Acer,R5,1.8-2.5,3.5-4.2,NVIDIA GTX,DDR4,8.0,3200.0,256 GB,15.6,Full HD,HD,0,Nhựa,Windows,TrueHarmony,5.0,Wi-Fi 6,2.1,22.9,254.5,363.4,2021.0,141.21199808219862,1,0,0,0,0,0,0,1,12,7.5,16370000.0
Acer,i5,1.8-2.5,3.5-4.2,NVIDIA GTX,DDR4,8.0,2666.0,512 GB,15.6,Full HD,HD,0,Nhựa,Windows,TrueHarmony,5.0,Wi-Fi 6,2.1,20.9,254.5,363.4,2020.0,141.21199808219862,1,0,0,0,0,0,0,1,12,6.0,17420000.0
Acer,i3,<1.8,<3.5,Intel,DDR4,4.0,2400.0,256 GB,15.6,Full HD,VGA,0,Nhựa,Windows,Stereo,5.0,Wi-Fi 5,1.7,19.9,247.5,363.4,2020.0,141.21199808219862,0,0,0,0,0,1,0,0,12,3.0,8850000.0
Acer,i5,<1.8,3.5-4.2,Intel,DDR4,4.0,2666.0,HDD 1 TB,14.0,< Full HD,HD,1,Nhựa + kim loại,Windows,Stereo,4.2,Wi-Fi 5,1.9,22.2,251.0,343.0,2018.0,104.9003414324904,0,0,0,0,0,0,0,0,12,3.5,11200000.0
Acer,i5,<1.8,3.5-4.2,Intel,DDR4,8.0,2666.0,512 GB,14.0,Full HD,HD,0,Nhựa + kim loại,Windows,TrueHarmony,5.0,Wi-Fi 6,1.5,17.95,236.0,328.8,2020.0,157.3505121487356,0,0,0,0,0,1,0,0,12,3.0,12540000.0
Acer,i5,<1.8,3.5-4.2,NVIDIA MX,DDR4,8.0,2666.0,512 GB,14.0,Full HD,HD,0,Nhựa + kim loại,Windows,TrueHarmony,5.0,Wi-Fi 6,1.5,17.95,236.0,328.8,2020.0,157.3505121487356,0,0,0,0,0,1,0,0,12,3.0,13650000.0
Acer,i5,1.8-2.5,3.5-4.2,Intel,DDR4,8.0,2666.0,HDD 1 TB,14.0,Full HD,HD,0,Nhựa + kim loại,Windows,TrueHarmony,5.1,Wi-Fi 6,1.46,17.95,223.0,328.0,2021.0,157.3505121487356,1,0,0,0,0,0,0,0,12,9.0,16570000.0
Acer,i5,<1.8,3.5-4.2,Intel,DDR4,4.0,2400.0,HDD 1 TB,15.6,Full HD,HD,1,Nhựa + kim loại,Windows,Stereo,4.2,Wi-Fi 5,2.0,22.45,257.5,363.4,2018.0,141.21199808219862,0,0,0,0,0,0,0,0,12,3.0,11060000.0
Acer,i5,<1.8,3.5-4.2,Intel,DDR4,4.0,2400.0,HDD 1 TB,15.6,Full HD,HD,0,Nhựa + kim loại,Windows,TrueHarmony,5.0,Wi-Fi 5,1.7,17.95,250.5,363.4,2019.0,141.21199808219862,0,0,0,0,0,0,0,0,12,6.0,11080000.0
Acer,i5,<1.8,<3.5,Intel,DDR4,4.0,2133.0,HDD 1 TB,14.0,Full HD,VGA,3,Nhựa,Windows,TrueHarmony,4.0,Wi-Fi 5,1.85,23.7,248.0,343.0,2018.0,157.3505121487356,0,0,0,0,0,0,0,0,12,6.0,10290000.0
Acer,i7,1.8-2.5,3.5-4.2,NVIDIA MX,DDR3L,4.0,2133.0,HDD 1 TB,15.6,Full HD,VGA,3,Nhựa,Windows,TrueHarmony,4.0,Wi-Fi 5,2.23,30.4,259.0,381.6,2018.0,141.21199808219862,0,0,0,0,0,0,0,0,12,3.0,12390000.0
Acer,i5,1.8-2.5,>4.2,NVIDIA GTX,DDR4,8.0,2933.0,512 GB,15.6,Full HD,HD,0,Nhựa,Windows,DTS,5.0,Wi-Fi 6,2.3,23.9,255.0,363.4,2020.0,141.21199808219862,1,0,0,0,0,0,0,1,12,3.5,17560000.0
Acer,i5,>2.5,>4.2,NVIDIA RTX,DDR4,8.0,3200.0,512 GB,15.6,Full HD,HD,0,Nhựa,Windows,DTS,5.1,Wi-Fi 6,2.2,23.9,255.0,363.4,2021.0,141.21199808219862,1,0,0,0,0,0,0,0,12,9.5,22220000.0
Acer,i7,1.8-2.5,>4.2,NVIDIA GTX,DDR4,8.0,2933.0,512 GB,15.6,Full HD,HD,0,Nhựa,Windows,DTS,5.0,Wi-Fi 6,2.3,23.9,255.0,363.4,2020.0,141.21199808219862,1,0,0,0,0,0,0,1,12,6.0,21770000.0
Acer,R5,>2.5,3.5-4.2,NVIDIA GTX,DDR4,8.0,3200.0,512 GB,15.6,Full HD,HD,0,Nhựa,Windows,DTS,5.0,Wi-Fi 6,2.172,23.9,255.0,363.4,2020.0,141.21199808219862,1,0,0,0,0,0,0,0,12,6.0,18210000.0
Acer,R5,>2.5,3.5-4.2,NVIDIA GTX,DDR4,8.0,3200.0,512 GB,15.6,Full HD,HD,0,Nhựa,Windows,DTS,5.0,Wi-Fi 6,2.2,23.9,255.0,363.4,2021.0,141.21199808219862,1,0,0,0,0,0,0,0,12,7.5,19240000.0
Acer,i5,>2.5,>4.2,NVIDIA GTX,DDR4,16.0,3200.0,512 GB,15.6,Full HD,HD,0,Nhựa,Windows,DTS,5.1,Wi-Fi 6,2.2,23.9,255.0,363.4,2021.0,141.21199808219862,1,0,0,0,0,0,0,0,12,6.0,20580000.0
Acer,i5,>2.5,>4.2,NVIDIA RTX,DDR4,16.0,3200.0,512 GB,15.6,Full HD,HD,0,Nhựa,Windows,DTS,5.1,Wi-Fi 6,2.2,23.9,255.0,363.4,2021.0,141.21199808219862,1,0,0,0,0,0,0,0,12,9.5,22560000.0
Acer,i5,>2.5,>4.2,NVIDIA RTX,DDR4,8.0,3200.0,512 GB,15.6,Full HD,HD,0,Nhựa,Windows,DTS,5.1,Wi-Fi 6,2.2,23.9,255.0,363.4,2021.0,141.21199808219862,1,0,0,0,0,0,0,0,12,10.5,28800000.0
Acer,i7,1.8-2.5,>4.2,NVIDIA RTX,DDR4,8.0,3200.0,512 GB,15.6,Full HD,HD,0,Nhựa,Windows,DTS,5.1,Wi-Fi 6,2.2,23.9,255.0,363.4,2021.0,141.21199808219862,1,0,0,0,0,0,0,0,12,10.0,25910000.0
Acer,i7,1.8-2.5,>4.2,NVIDIA RTX,DDR4,8.0,3200.0,512 GB,15.6,Full HD,HD,0,Nhựa,Windows,DTS,5.1,Wi-Fi 6,2.2,23.9,255.0,363.4,2021.0,141.21199808219862,1,0,0,0,0,0,0,0,12,8.5,25100000.0
Acer,i7,1.8-2.5,>4.2,NVIDIA RTX,DDR4,16.0,3200.0,512 GB,15.6,> Full HD,HD,0,Nhựa + kim loại,Windows,DTS,5.1,Wi-Fi 6,2.3,22.9,255.0,363.0,2021.0,188.28266410959816,1,0,0,0,0,0,0,0,12,11.0,35270000.0
Acer,i5,<1.8,<3.5,Intel,DDR4,4.0,2400.0,256 GB,14.0,Full HD,HD,1,Nhựa,Windows,TrueHarmony,,,1.7,20.8,230.0,335.0,2018.0,157.3505121487356,0,0,1,0,0,0,0,0,12,6.0,13060000.0
Acer,i5,<1.8,<3.5,Intel,DDR4,8.0,2400.0,256 GB,13.3,Full HD,HD,1,Kim loại,Windows,TrueHarmony,4.1,Wi-Fi 5,1.56,15.9,226.0,324.0,2018.0,165.6321180513006,1,0,1,1,0,0,0,0,12,6.0,16680000.0
Acer,pentium,<1.8,<3.5,Intel,DDR4,4.0,2133.0,,14.0,Full HD,HD,1,Kim loại,Windows,TrueHarmony,5.0,Wi-Fi 5,1.3,14.95,228.0,323.0,2018.0,157.3505121487356,0,0,0,1,0,0,0,0,12,6.0,8700000.0
Acer,i5,<1.8,3.5-4.2,Intel,DDR4,8.0,2133.0,256 GB,13.3,Full HD,HD,1,Kim loại,Windows,TrueHarmony,4.0,Wi-Fi 5,1.35,15.9,214.0,308.8,2019.0,165.6321180513006,1,0,0,1,0,0,0,0,12,3.0,17700000.0
Acer,i5,1.8-2.5,3.5-4.2,Intel,LPDDR4X,16.0,4266.0,512 GB,Others,> Full HD,HD,0,Kim loại,Windows,DTS,5.1,Wi-Fi 6,1.19,15.95,233.88,302.5,2020.0,200.84255993695703,1,1,0,1,0,0,0,0,12,7.0,18620000.0
Acer,i5,1.8-2.5,3.5-4.2,Intel,LPDDR4X,16.0,4266.0,512 GB,14.0,Full HD,HD,0,Kim loại,Windows,DTS,5.1,Wi-Fi 6,1.19,15.9,212.2,322.8,2021.0,157.3505121487356,1,1,0,1,0,0,0,0,12,8.5,16870000.0
Acer,i5,<1.8,<3.5,Intel,DDR4,4.0,2400.0,HDD 1 TB,14.0,Full HD,VGA,3,Kim loại,Windows,TrueHarmony,4.0,Wi-Fi 5,1.5,18.7,,,2018.0,157.3505121487356,1,0,0,1,0,0,0,0,12,3.0,12020000.0
Acer,i5,<1.8,3.5-4.2,Intel,DDR4,4.0,2133.0,256 GB,14.0,Full HD,HD,1,Kim loại,Windows,TrueHarmony,5.0,Wi-Fi 5,1.5,17.95,228.0,323.0,2018.0,157.3505121487356,1,0,0,1,0,0,0,0,12,3.0,13280000.0
Acer,i5,<1.8,3.5-4.2,Intel,DDR4,8.0,2666.0,512 GB,14.0,Full HD,HD,0,Kim loại,Windows,TrueHarmony,5.0,Wi-Fi 6,1.19,15.95,217.0,319.5,2019.0,157.3505121487356,1,0,0,1,0,0,0,0,12,3.0,14010000.0
Acer,i5,<1.8,<3.5,Intel,DDR4,4.0,2400.0,HDD 1 TB,15.6,Full HD,HD,1,Kim loại,Windows,Stereo,4.2,Wi-Fi 5,1.7,18.9,255.0,370.0,2019.0,141.21199808219862,1,0,0,1,0,0,0,0,12,4.5,13000000.0
Acer,i3,1.8-2.5,<3.5,Intel,DDR4,4.0,2400.0,HDD 1 TB,15.6,Full HD,HD,1,Kim loại,Windows,TrueHarmony,4.0,Wi-Fi 5,1.7,16.9,243.0,359.0,2018.0,141.21199808219862,1,0,0,1,0,0,0,0,12,3.5,9770000.0
Acer,i5,<1.8,<3.5,Intel,DDR4,8.0,2133.0,256 GB,15.6,Full HD,HD,1,Kim loại,Windows,TrueHarmony,4.2,Wi-Fi 5,1.7,16.9,243.0,359.0,2018.0,141.21199808219862,1,0,0,1,0,0,0,0,12,6.0,13050000.0
Acer,i5,<1.8,3.5-4.2,NVIDIA MX,DDR4,8.0,2666.0,512 GB,14.0,Full HD,HD,0,Kim loại,Windows,TrueHarmony,5.0,Wi-Fi 6,1.19,15.95,217.0,319.5,2019.0,157.3505121487356,1,1,0,1,0,0,0,0,12,3.0,14750000.0
Acer,i7,1.8-2.5,3.5-4.2,Intel,DDR3,8.0,2133.0,256 GB,14.0,Full HD,HD,0,Kim loại,Windows,TrueHarmony,,,0.94,14.9,228.0,329.0,2018.0,157.3505121487356,1,0,1,1,0,0,0,0,12,3.0,19770000.0
Acer,i5,<1.8,3.5-4.2,Intel,DDR4,8.0,2400.0,256 GB,14.0,Full HD,HD,0,Kim loại,Windows,Dolby,5.0,Wi-Fi 5,0.97,14.9,228.0,329.0,2018.0,157.3505121487356,1,0,1,1,0,0,0,0,12,3.0,17000000.0
Acer,i7,1.8-2.5,>4.2,Intel,DDR4,8.0,2133.0,256 GB,14.0,Full HD,HD,0,Kim loại,Windows,Dolby,5.0,Wi-Fi 5,0.94,14.9,228.0,329.0,2018.0,157.3505121487356,1,0,1,1,0,0,0,0,12,3.0,19620000.0
Acer,i7,1.8-2.5,>4.2,Intel,DDR4,8.0,2400.0,256 GB,14.0,Full HD,HD,0,Kim loại,Windows,TrueHarmony,5.0,Wi-Fi 5,0.94,14.9,228.0,329.0,2018.0,157.3505121487356,1,0,1,1,0,0,0,0,12,3.0,20660000.0
Acer,i7,<1.8,3.5-4.2,Intel,DDR3,16.0,1866.0,512 GB,14.0,Full HD,HD,0,Kim loại,Windows,TrueHarmony,5.0,Wi-Fi 5,0.89,9.95,191.5,317.9,2019.0,157.3505121487356,1,1,1,1,0,0,0,0,12,3.0,36890000.0
Acer,i3,1.8-2.5,<3.5,Intel,DDR4,4.0,2133.0,HDD 1 TB,14.0,Full HD,HD,1,Kim loại,Windows,TrueHarmony,4.0,Wi-Fi 5,1.5,18.7,228.0,323.0,,157.3505121487356,1,0,0,1,0,0,0,0,12,3.0,9760000.0
Acer,i3,>2.5,<3.5,Intel,DDR3L,4.0,2133.0,128 GB,Others,> Full HD,HD,1,Kim loại,Windows,Stereo,4.0,Wi-Fi 5,0.92,9.6,201.8,292.9,2019.0,216.33307652783927,1,0,1,1,0,0,0,0,12,3.0,16600000.0
Apple,i5,1.8-2.5,<3.5,Intel,DDR3L,8.0,1600.0,128 GB,13.3,< Full HD,VGA,1,Kim loại,MacOS,Other,4.0,Wi-Fi 5,1.35,17.0,,,2017.0,127.67794013309688,1,1,0,0,0,0,0,0,12,3.0,16370000.0
Apple,i3,<1.8,<3.5,Intel,LPDDR4X,8.0,3733.0,256 GB,13.3,> Full HD,HD,0,Kim loại,MacOS,Other,5.0,Wi-Fi 5,1.29,16.1,212.4,304.1,2020.0,226.98300468106115,1,1,0,1,0,0,0,0,12,3.0,23740000.0
Apple,i3,<1.8,<3.5,Intel,LPDDR4X,8.0,3733.0,256 GB,13.3,> Full HD,HD,0,Kim loại,MacOS,Other,5.0,Wi-Fi 5,1.29,16.1,212.4,304.1,2020.0,226.98300468106115,1,1,0,1,0,0,0,0,12,3.0,23030000.0
Apple,i5,<1.8,3.5-4.2,Intel,LPDDR4X,8.0,3733.0,256 GB,13.3,> Full HD,HD,0,Kim loại,MacOS,Other,5.0,Wi-Fi 5,1.29,16.1,212.4,304.1,2020.0,226.98300468106115,1,1,0,1,0,0,0,0,12,3.0,25150000.0
Apple,M1,,,Intel,,16.0,,256 GB,13.3,> Full HD,HD,0,Kim loại,MacOS,Other,5.0,Wi-Fi 6,1.29,16.1,212.4,304.1,2020.0,226.98300468106115,1,1,0,1,0,0,0,0,12,7.0,29060000.0
Apple,M1,,,Intel,,16.0,,512 GB,13.3,> Full HD,HD,0,Kim loại,MacOS,Other,5.0,Wi-Fi 6,1.29,16.1,212.4,304.1,2020.0,226.98300468106115,1,1,0,1,0,0,0,0,12,9.5,34650000.0
Apple,M1,,,Intel,,8.0,,256 GB,13.3,> Full HD,HD,0,Kim loại,MacOS,Other,5.0,Wi-Fi 6,1.29,16.1,212.4,304.1,2020.0,226.98300468106115,1,1,0,1,0,0,0,0,12,3.0,23740000.0
Apple,M1,,,Intel,,8.0,,512 GB,13.3,> Full HD,HD,0,Kim loại,MacOS,Other,5.0,Wi-Fi 6,1.29,16.1,212.4,304.1,2020.0,226.98300468106115,1,1,0,1,0,0,0,0,12,5.5,29440000.0
Apple,M1,,,Intel,,16.0,,1 TB,13.3,> Full HD,HD,0,Kim loại,MacOS,Dolby,5.0,Wi-Fi 6,1.4,15.6,212.4,304.1,2020.0,226.98300468106115,1,1,0,1,0,0,0,0,12,6.0,43930000.0
Apple,M1,,,Intel,,16.0,,512 GB,13.3,> Full HD,HD,0,Kim loại,MacOS,Dolby,5.0,Wi-Fi 6,1.4,15.6,212.4,304.1,2020.0,226.98300468106115,1,1,0,1,0,0,0,0,12,3.5,37050000.0
Apple,M1,,,Intel,,8.0,,256 GB,13.3,> Full HD,HD,0,Kim loại,MacOS,Dolby,5.0,Wi-Fi 6,1.4,15.6,212.4,304.1,2020.0,226.98300468106115,1,1,0,1,0,0,0,0,12,3.0,28660000.0
Apple,M1,,,Intel,,8.0,,512 GB,13.3,> Full HD,HD,0,Kim loại,MacOS,Dolby,5.0,Wi-Fi 6,1.4,15.6,212.4,304.1,2020.0,226.98300468106115,1,1,0,1,0,0,0,0,12,3.0,32750000.0
Apple,M1,,,Intel,,16.0,,256 GB,13.3,> Full HD,HD,0,Kim loại,MacOS,Dolby,5.0,Wi-Fi 6,1.4,15.6,212.4,304.1,2020.0,226.98300468106115,1,1,0,1,0,0,0,0,12,7.0,33170000.0
Apple,i5,<1.8,<3.5,Intel,LPDDR3,8.0,2133.0,256 GB,13.3,> Full HD,HD,0,Kim loại,MacOS,Dolby,5.0,Wi-Fi 5,1.4,15.6,212.4,304.1,2020.0,226.98300468106115,1,1,0,1,0,0,0,0,12,3.0,28660000.0
Apple,i5,<1.8,<3.5,Intel,DDR3L,4.0,1600.0,,13.3,< Full HD,HD,1,Kim loại,MacOS,Other,4.0,Wi-Fi 5,1.35,,,,2015.0,127.67794013309688,1,1,0,0,0,0,0,0,12,6.0,19450000.0
Apple,i5,<1.8,3.5-4.2,Intel,LPDDR4X,8.0,3733.0,256 GB,13.3,> Full HD,HD,0,Kim loại,MacOS,Other,5.0,Wi-Fi 5,1.29,16.1,212.4,304.1,2020.0,226.98300468106115,1,1,0,1,0,0,0,0,12,3.0,26200000.0
Apple,,<1.8,<3.5,Intel,DDR3L,4.0,1600.0,,Others,< Full HD,HD,0,Kim loại,MacOS,Other,4.0,Wi-Fi 5,1.08,17.0,192.0,300.0,,135.0942111925629,1,1,0,0,0,0,0,0,12,6.0,18230000.0
Apple,i5,<1.8,<3.5,Intel,DDR3L,8.0,1600.0,128 GB,13.3,< Full HD,HD,1,Kim loại,MacOS,Other,4.0,Wi-Fi 5,1.35,17.0,,,2015.0,127.67794013309688,1,1,0,0,0,0,0,0,12,3.0,18420000.0
Apple,i7,>2.5,>4.2,Radeon,DDR4,16.0,2400.0,256 GB,Others,> Full HD,HD,0,Kim loại,MacOS,Stereo,5.0,Wi-Fi 5,1.83,15.5,240.7,349.3,2019.0,220.53462386625827,1,1,0,1,0,0,0,0,12,5.0,48120000.0
Apple,i5,1.8-2.5,3.5-4.2,Intel,DDR3,8.0,2133.0,128 GB,13.3,> Full HD,HD,0,Kim loại,MacOS,Other,4.2,Wi-Fi 5,1.37,14.9,,,2017.0,226.98300468106115,1,1,0,0,0,0,0,0,12,6.0,28760000.0
Apple,i5,>2.5,<3.5,Intel,DDR4,8.0,2133.0,256 GB,13.3,> Full HD,HD,0,Kim loại,MacOS,Other,4.2,Wi-Fi 5,1.37,14.9,212.4,304.1,2016.0,226.98300468106115,1,1,0,0,0,0,0,0,12,6.0,37220000.0
Apple,i5,>2.5,3.5-4.2,Intel,DDR3,8.0,2133.0,256 GB,13.3,> Full HD,HD,0,Kim loại,MacOS,Other,4.2,Wi-Fi 5,1.37,14.9,,,2017.0,226.98300468106115,1,1,0,0,0,0,0,0,12,6.0,36370000.0
Asus,i5,<1.8,3.5-4.2,Intel,LPDDR3,8.0,2133.0,512 GB,14.0,Full HD,HD,0,Kim loại,Windows,Harman,5.0,Wi-Fi 6,0.995,14.9,203.0,320.0,2020.0,157.3505121487356,1,1,0,1,0,0,1,0,24,12.0,30090000.0
Asus,i7,>2.5,>4.2,NVIDIA RTX,DDR4,8.0,2666.0,512 GB,15.6,Full HD,,0,Kim loại,Windows,Smart AMP,5.0,Wi-Fi 5,2.4,26.0,275.0,360.0,2019.0,141.21199808219862,1,0,0,0,0,0,0,1,24,6.5,28950000.0
Asus,i7,>2.5,>4.2,NVIDIA GTX,DDR4,8.0,2666.0,512 GB,15.6,Full HD,,0,Nhựa,Windows,Smart AMP,5.0,Wi-Fi 5,2.4,26.0,275.0,360.0,2019.0,141.21199808219862,1,0,0,0,0,0,0,1,24,6.5,20370000.0
Asus,i5,1.8-2.5,>4.2,NVIDIA GTX,DDR4,8.0,2933.0,512 GB,15.6,Full HD,,0,Nhựa,Windows,Smart AMP,5.1,Wi-Fi 6,2.3,25.8,275.0,360.0,2020.0,141.21199808219862,1,0,0,0,0,0,0,0,24,17.0,20500000.0
Asus,i7,>2.5,>4.2,NVIDIA GTX,DDR4,8.0,2933.0,512 GB,15.6,Full HD,,0,Nhựa,Windows,Smart AMP,5.1,Wi-Fi 6,2.3,25.8,275.0,360.0,2020.0,141.21199808219862,1,0,0,0,0,0,0,0,24,12.0,22500000.0
Asus,R9,>2.5,>4.2,NVIDIA RTX,DDR4,16.0,3200.0,1 TB,14.0,> Full HD,,0,Nhựa + kim loại,Windows,Dolby,5.1,Wi-Fi 6,1.7,19.9,220.0,324.0,2021.0,209.8006828649808,1,0,0,1,0,0,0,1,24,23.0,44540000.0
Asus,i5,>2.5,>4.2,NVIDIA RTX,DDR4,8.0,2933.0,512 GB,15.6,Full HD,HD,0,Nhựa + kim loại,Windows,DTS,5.2,Wi-Fi 6,2.3,24.9,256.0,359.0,2020.0,141.21199808219862,1,1,0,0,0,0,0,1,24,12.0,20580000.0
Asus,i7,1.8-2.5,>4.2,NVIDIA RTX,DDR4,8.0,3200.0,512 GB,15.6,Full HD,HD,0,Nhựa + kim loại,Windows,DTS,5.2,Wi-Fi 6,2.3,24.9,256.0,359.0,2021.0,141.21199808219862,1,1,0,0,0,0,0,1,24,20.5,24740000.0
Asus,i5,>2.5,>4.2,NVIDIA RTX,DDR4,8.0,3200.0,512 GB,15.6,Full HD,HD,0,Nhựa + kim loại,Windows,DTS,5.2,Wi-Fi 6,2.3,24.9,256.0,359.0,2021.0,141.21199808219862,1,0,0,0,0,0,0,1,24,22.0,22920000.0
Asus,i7,1.8-2.5,>4.2,NVIDIA RTX,DDR4,8.0,3200.0,512 GB,15.6,Full HD,HD,0,Nhựa + kim loại,Windows,DTS,5.2,Wi-Fi 6,2.3,24.9,256.0,359.0,2021.0,141.21199808219862,1,0,0,0,0,0,0,1,24,22.0,25130000.0
Asus,i5,1.8-2.5,>4.2,NVIDIA GTX,DDR4,8.0,2933.0,512 GB,15.6,Full HD,HD,0,Nhựa + kim loại,Windows,DTS,5.0,Wi-Fi 6,2.3,24.9,256.0,359.0,2020.0,141.21199808219862,1,0,0,0,0,0,0,1,24,20.5,19100000.0
Asus,i7,>2.5,>4.2,NVIDIA RTX,DDR4,8.0,3200.0,512 GB,15.6,Full HD,,0,Nhựa + kim loại,Windows,DTS,5.1,Wi-Fi 6,2.0,19.9,252.0,360.0,2021.0,141.21199808219862,1,1,0,0,0,0,0,1,24,20.5,26050000.0
Asus,i7,>2.5,>4.2,NVIDIA RTX,DDR4,16.0,3200.0,512 GB,15.6,Full HD,,0,Nhựa + kim loại,Windows,DTS,5.1,Wi-Fi 6,2.0,19.9,252.0,360.0,2021.0,141.21199808219862,1,1,0,0,0,0,0,1,24,20.0,28500000.0
Asus,i5,>2.5,>4.2,NVIDIA RTX,DDR4,8.0,3200.0,512 GB,Others,Full HD,HD,0,Nhựa + kim loại,Windows,DTS,5.2,Wi-Fi 6,2.6,23.9,269.0,399.0,2021.0,127.33567457123112,1,1,0,0,0,0,0,1,24,12.0,20950000.0
Asus,i7,1.8-2.5,>4.2,NVIDIA RTX,DDR4,8.0,3200.0,512 GB,Others,Full HD,HD,0,Nhựa + kim loại,Windows,DTS,5.2,Wi-Fi 6,2.6,23.9,269.0,399.0,2021.0,127.33567457123112,1,1,0,0,0,0,0,1,24,21.0,27930000.0
Asus,i3,1.8-2.5,3.5-4.2,Intel,DDR4,4.0,2666.0,512 GB,14.0,Full HD,HD,1,Nhựa,Windows,SonicMaster,4.2,Wi-Fi 5,1.406,19.5,212.0,322.0,2020.0,157.3505121487356,0,0,0,1,0,0,0,0,24,16.0,10840000.0
Asus,i3,1.8-2.5,3.5-4.2,Intel,DDR4,4.0,2400.0,512 GB,14.0,Full HD,HD,1,Nhựa,Windows,SonicMaster,4.1,Wi-Fi 5,1.5,19.0,212.0,322.0,2019.0,157.3505121487356,0,0,0,1,0,0,0,1,24,12.0,9890000.0
Asus,i3,>2.5,3.5-4.2,Intel,DDR4,8.0,3200.0,512 GB,14.0,Full HD,HD,1,Nhựa + kim loại,Windows,Harman,5.0,Wi-Fi 6,1.4,17.9,215.0,324.0,2021.0,157.3505121487356,0,0,0,1,0,0,0,1,24,21.5,14290000.0
Asus,i3,>2.5,3.5-4.2,Intel,DDR4,8.0,3200.0,512 GB,14.0,Full HD,HD,1,Nhựa + kim loại,Windows,Harman,5.0,Wi-Fi 6,1.4,17.9,215.0,324.0,2021.0,157.3505121487356,0,0,0,1,0,0,0,1,24,21.0,13960000.0
Asus,i5,1.8-2.5,3.5-4.2,Intel,DDR4,8.0,3200.0,512 GB,14.0,Full HD,HD,1,Nhựa + kim loại,Windows,Harman,5.0,Wi-Fi 6,1.4,17.9,215.0,324.0,2020.0,157.3505121487356,0,0,0,1,0,0,0,1,24,19.0,16580000.0
Asus,i5,1.8-2.5,3.5-4.2,Intel,DDR4,8.0,3200.0,512 GB,14.0,Full HD,HD,1,Nhựa + kim loại,Windows,Harman,5.0,Wi-Fi 6,1.4,17.9,215.0,324.0,2020.0,157.3505121487356,0,0,0,1,0,0,0,1,24,21.0,16330000.0
Asus,i5,1.8-2.5,3.5-4.2,Intel,DDR4,8.0,3200.0,512 GB,14.0,Full HD,HD,1,Nhựa + kim loại,Windows,Harman,5.0,Wi-Fi 6,1.4,17.9,215.0,324.0,2020.0,157.3505121487356,0,0,0,1,0,0,0,1,24,15.5,14650000.0
Asus,i3,>2.5,3.5-4.2,Intel,DDR4,8.0,3200.0,512 GB,15.6,Full HD,HD,1,Nhựa + kim loại,Windows,Harman,5.0,Wi-Fi 6,1.8,17.9,235.0,359.0,2020.0,141.21199808219862,0,0,0,1,0,0,0,1,24,20.5,14320000.0
Asus,i3,>2.5,3.5-4.2,Intel,,8.0,3200.0,512 GB,15.6,Full HD,HD,1,Kim loại,Windows,Harman,5.0,Wi-Fi 6,1.8,17.9,235.0,359.0,2020.0,141.21199808219862,0,0,0,1,0,0,0,1,24,15.5,13330000.0
Asus,i5,1.8-2.5,3.5-4.2,Intel,DDR4,8.0,3200.0,512 GB,15.6,Full HD,HD,1,Nhựa + kim loại,Windows,Harman,5.0,Wi-Fi 6,1.8,17.9,235.0,359.0,2021.0,141.21199808219862,0,0,0,1,0,0,0,0,24,22.0,17630000.0
Asus,i5,1.8-2.5,3.5-4.2,NVIDIA MX,DDR4,8.0,3200.0,512 GB,15.6,Full HD,HD,1,Nhựa + kim loại,Windows,Harman,5.0,Wi-Fi 6,1.8,17.9,235.0,359.0,2020.0,141.21199808219862,0,0,0,1,0,0,0,0,24,20.5,18060000.0
Asus,i3,>2.5,3.5-4.2,Intel,LPDDR4X,4.0,4266.0,512 GB,14.0,Full HD,HD,1,Nhựa + kim loại,Windows,Harman,5.0,Wi-Fi 6,1.5,18.7,220.0,324.0,2021.0,157.3505121487356,1,1,1,1,0,0,0,0,24,22.0,14100000.0
Asus,i7,>2.5,>4.2,NVIDIA GTX,DDR4,8.0,2666.0,512 GB,15.6,Full HD,HD,1,Nhựa,Windows,Harman,4.2,Wi-Fi 5,1.8,21.9,248.0,359.0,2020.0,141.21199808219862,0,0,0,1,0,0,0,1,24,10.5,19070000.0
Asus,i5,<1.8,3.5-4.2,NVIDIA MX,DDR4,8.0,2400.0,256 GB,14.0,Full HD,VGA,1,Kim loại,Windows,SonicMaster,4.1,Wi-Fi 5,1.4,18.0,226.0,323.0,2018.0,157.3505121487356,1,0,0,1,0,0,0,1,24,11.0,15260000.0
Asus,i5,<1.8,3.5-4.2,Intel,DDR4,8.0,2400.0,HDD 1 TB,15.6,Full HD,VGA,1,Kim loại,Windows,SonicMaster,4.1,Wi-Fi 5,1.8,18.0,243.0,361.0,2018.0,141.21199808219862,1,0,0,1,0,0,0,0,24,9.0,14070000.0
Asus,i3,1.8-2.5,3.5-4.2,Intel,DDR4,4.0,2400.0,HDD 1 TB,15.6,Full HD,HD,1,Kim loại,Windows,SonicMaster,4.1,Wi-Fi 5,1.8,18.0,243.0,361.0,2018.0,141.21199808219862,1,0,0,1,0,0,0,1,24,3.0,10090000.0
Asus,i5,<1.8,3.5-4.2,NVIDIA MX,DDR4,4.0,2400.0,HDD 1 TB,15.6,Full HD,HD,1,Nhựa + kim loại,Windows,SonicMaster,4.1,Wi-Fi 5,1.76,18.0,243.5,361.4,2018.0,141.21199808219862,1,0,0,1,0,0,0,0,24,13.0,14490000.0
Asus,i7,1.8-2.5,>4.2,NVIDIA MX,DDR4,8.0,2400.0,HDD 1 TB,15.6,Full HD,HD,1,Kim loại,Windows,SonicMaster,4.1,Wi-Fi 5,1.8,18.0,243.5,361.4,2018.0,141.21199808219862,1,0,0,1,0,0,0,0,24,6.0,15600000.0
Asus,i5,<1.8,<3.5,NVIDIA MX,DDR4,4.0,2400.0,HDD 1 TB,15.6,Full HD,HD,1,Kim loại,Windows,SonicMaster,4.2,Wi-Fi 5,1.8,18.0,243.0,361.0,2018.0,141.21199808219862,1,0,0,1,0,0,0,0,24,3.0,12510000.0
Asus,i5,1.8-2.5,3.5-4.2,Intel,DDR4,8.0,3200.0,512 GB,15.6,Full HD,HD,1,Kim loại,Windows,Harman,5.0,Wi-Fi 6,1.8,16.1,233.8,359.8,2021.0,141.21199808219862,1,1,0,1,0,0,0,1,24,18.5,16920000.0
Asus,i5,1.8-2.5,3.5-4.2,Intel,DDR4,8.0,3200.0,512 GB,15.6,Full HD,HD,1,Kim loại,Windows,Harman,5.0,Wi-Fi 6,1.8,16.1,233.8,359.8,2021.0,141.21199808219862,1,1,0,1,0,0,0,1,24,19.0,17430000.0
Asus,R7,1.8-2.5,3.5-4.2,AMD,DDR4,8.0,3200.0,512 GB,14.0,Full HD,HD,1,Kim loại,Windows,Harman,5.0,Wi-Fi 6,1.5,18.2,220.0,324.0,2021.0,157.3505121487356,1,0,1,0,0,0,0,0,24,22.5,17720000.0
Asus,i5,<1.8,<3.5,Intel,DDR4,4.0,2400.0,HDD 1 TB,14.0,< Full HD,HD,1,Nhựa,Windows,SonicMaster,,,1.55,22.9,,,,111.93520355955212,0,0,0,1,0,0,0,1,24,12.0,10390000.0
Asus,i7,1.8-2.5,3.5-4.2,NVIDIA MX,DDR4,4.0,2400.0,HDD 1 TB,14.0,< Full HD,VGA,1,Nhựa,Windows,SonicMaster,,,1.54,21.9,246.0,328.0,2018.0,111.93520355955212,0,0,0,1,0,0,0,1,24,6.0,11950000.0
Asus,i7,1.8-2.5,3.5-4.2,NVIDIA MX,DDR4,4.0,2400.0,HDD 1 TB,14.0,< Full HD,VGA,1,Nhựa,Windows,SonicMaster,,,1.54,21.9,246.0,328.0,2018.0,111.93520355955212,0,0,0,1,0,0,0,1,24,15.5,13910000.0
Asus,i3,>2.5,3.5-4.2,Intel,DDR4,4.0,3200.0,512 GB,14.0,Full HD,VGA,1,Nhựa,Windows,SonicMaster,4.1,Wi-Fi 5,1.55,19.9,216.0,325.4,2020.0,157.3505121487356,0,0,0,1,0,0,0,1,24,20.0,11910000.0
Asus,i3,>2.5,3.5-4.2,Intel,DDR4,4.0,3200.0,512 GB,14.0,Full HD,VGA,0,Nhựa,Windows,SonicMaster,4.1,Wi-Fi 5,1.55,19.9,216.0,325.4,2020.0,157.3505121487356,0,0,0,1,0,0,0,1,24,21.0,12820000.0
Asus,i5,1.8-2.5,3.5-4.2,Intel,DDR4,8.0,3200.0,512 GB,14.0,Full HD,VGA,1,Nhựa,Windows,SonicMaster,4.1,Wi-Fi 5,1.55,19.9,216.0,325.4,2020.0,157.3505121487356,0,0,0,1,0,0,0,1,24,20.5,15280000.0
Asus,i5,1.8-2.5,3.5-4.2,Intel,DDR4,8.0,3200.0,512 GB,14.0,Full HD,VGA,0,Nhựa,Windows,SonicMaster,4.1,Wi-Fi 5,1.55,19.9,216.0,325.4,2020.0,157.3505121487356,0,0,0,1,0,0,0,1,24,20.5,15280000.0
Asus,i7,1.8-2.5,3.5-4.2,NVIDIA MX,DDR4,4.0,2400.0,HDD 1 TB,15.6,< Full HD,VGA,1,Nhựa,Windows,Realtek,,,1.8,21.9,266.0,365.0,2018.0,100.45466986113652,0,0,0,1,0,0,0,1,24,11.5,13300000.0
Asus,i7,1.8-2.5,3.5-4.2,NVIDIA MX,DDR4,4.0,2400.0,HDD 1 TB,15.6,Full HD,VGA,1,Nhựa,Windows,Realtek,,,1.8,21.9,266.0,365.0,2018.0,141.21199808219862,0,0,0,1,0,0,0,0,24,12.5,13690000.0
Asus,i5,<1.8,3.5-4.2,NVIDIA MX,DDR4,8.0,2666.0,512 GB,15.6,Full HD,VGA,1,Nhựa,Windows,SonicMaster,4.2,Wi-Fi 5,1.73,22.9,234.9,360.2,2019.0,141.21199808219862,0,0,0,1,0,0,0,1,24,14.0,13920000.0
Asus,i3,>2.5,3.5-4.2,Intel,DDR4,4.0,3200.0,256 GB,15.6,Full HD,VGA,0,Nhựa,Windows,SonicMaster,4.1,Wi-Fi 5,1.8,19.9,234.9,360.2,2021.0,141.21199808219862,0,0,0,1,0,0,0,1,24,22.0,12250000.0
Asus,i3,>2.5,3.5-4.2,Intel,DDR4,4.0,3200.0,256 GB,15.6,Full HD,VGA,1,Nhựa,Windows,SonicMaster,4.1,Wi-Fi 5,1.8,19.9,234.9,360.2,2020.0,141.21199808219862,0,0,0,1,0,0,0,1,24,16.0,10670000.0
Asus,i5,1.8-2.5,3.5-4.2,NVIDIA MX,DDR4,8.0,3200.0,512 GB,15.6,Full HD,VGA,1,Nhựa,Windows,SonicMaster,4.1,Wi-Fi 5,1.8,19.9,234.9,360.2,2020.0,141.21199808219862,0,0,0,1,0,0,0,1,24,19.5,16320000.0
Asus,pentium,<1.8,<3.5,Intel,DDR4,4.0,2666.0,512 GB,15.6,Full HD,VGA,0,Nhựa,Windows,SonicMaster,4.1,Wi-Fi 5,1.8,19.9,234.9,360.2,2020.0,141.21199808219862,0,0,0,1,0,0,0,1,24,22.5,8860000.0
Asus,i7,1.8-2.5,>4.2,Intel,DDR3L,8.0,2133.0,512 GB,13.3,Full HD,HD,1,Kim loại,Windows,Realtek,5.0,Wi-Fi 5,1.25,16.9,189.0,302.0,2018.0,165.6321180513006,1,0,0,0,0,0,1,0,24,5.0,19680000.0
Asus,i5,<1.8,3.5-4.2,NVIDIA MX,DDR3L,8.0,2133.0,512 GB,13.3,Full HD,HD,1,Kim loại,Windows,Harman,5.0,Wi-Fi 5,1.19,16.9,189.0,302.0,2019.0,165.6321180513006,1,0,0,0,0,0,1,1,24,9.0,17200000.0
Asus,i5,<1.8,3.5-4.2,NVIDIA MX,DDR3L,8.0,2133.0,512 GB,14.0,Full HD,HD,1,Kim loại,Windows,Harman,5.0,Wi-Fi 5,1.19,15.9,199.0,319.0,2018.0,157.3505121487356,1,0,0,0,0,0,1,1,24,9.0,17970000.0
Asus,i5,<1.8,3.5-4.2,NVIDIA MX,DDR3L,8.0,2133.0,512 GB,14.0,Full HD,HD,1,Kim loại,Windows,Harman,5.0,Wi-Fi 5,1.19,15.9,199.0,319.0,2018.0,157.3505121487356,1,0,0,0,0,0,1,1,24,5.0,18580000.0
Asus,i5,1.8-2.5,3.5-4.2,NVIDIA MX,LPDDR4X,8.0,4267.0,512 GB,14.0,Full HD,HD,1,Kim loại,Windows,Harman,5.0,Wi-Fi 6,1.62,17.3,222.0,324.0,2021.0,157.3505121487356,1,1,1,0,0,0,1,1,24,19.0,29920000.0
Asus,i5,<1.8,3.5-4.2,NVIDIA MX,LPDDR3,8.0,2133.0,512 GB,13.3,Full HD,HD,1,Kim loại,Windows,Harman,5.0,Wi-Fi 5,1.35,18.5,189.0,302.1,2019.0,165.6321180513006,1,0,0,0,0,0,1,0,24,7.0,22400000.0
Asus,i5,1.8-2.5,3.5-4.2,Intel,LPDDR4X,8.0,4267.0,512 GB,13.3,Full HD,HD,0,Kim loại,Windows,Harman,5.0,Wi-Fi 6,1.3,11.9,211.0,305.0,2021.0,165.6321180513006,1,1,1,0,0,0,1,0,24,22.0,24690000.0
Asus,i7,>2.5,>4.2,Intel,LPDDR4X,16.0,4266.0,512 GB,13.3,Full HD,HD,0,Kim loại,Windows,Harman,5.0,Wi-Fi 6,1.3,11.9,211.0,305.0,2021.0,165.6321180513006,1,1,1,0,0,0,1,0,24,22.0,29980000.0
Asus,i5,1.8-2.5,3.5-4.2,Intel,LPDDR4X,8.0,4267.0,256 GB,13.3,Full HD,HD,1,Kim loại,Windows,Harman,5.0,Wi-Fi 6,1.11,13.9,203.0,304.0,2020.0,165.6321180513006,1,1,0,0,0,0,1,1,24,16.5,19330000.0
Asus,i5,1.8-2.5,3.5-4.2,Intel,LPDDR4X,8.0,4267.0,512 GB,13.3,Full HD,HD,1,Kim loại,Windows,Harman,5.0,Wi-Fi 6,1.14,13.9,203.0,304.2,2021.0,165.6321180513006,1,1,0,0,0,0,1,0,24,21.5,21310000.0
Asus,i5,1.8-2.5,3.5-4.2,Intel,LPDDR4X,8.0,4266.0,512 GB,14.0,Full HD,HD,1,Kim loại,Windows,Harman,5.0,Wi-Fi 6,1.17,13.9,208.0,319.0,2020.0,157.3505121487356,1,1,0,0,0,0,1,1,24,12.0,19550000.0
Asus,i5,1.8-2.5,3.5-4.2,Intel,LPDDR4X,8.0,4266.0,512 GB,14.0,Full HD,HD,1,Kim loại,Windows,Harman,5.0,Wi-Fi 6,1.17,13.9,208.0,319.0,2020.0,157.3505121487356,1,1,0,0,0,0,1,1,24,19.0,20510000.0
Asus,i7,>2.5,>4.2,Intel,LPDDR4X,16.0,4266.0,512 GB,14.0,Full HD,HD,1,Kim loại,Windows,Harman,5.0,Wi-Fi 6,1.17,13.9,208.0,319.0,2020.0,157.3505121487356,1,1,0,0,0,0,1,1,24,22.5,27210000.0
Asus,i5,<1.8,3.5-4.2,Intel,DDR3L,8.0,2133.0,256 GB,14.0,Full HD,HD,1,Kim loại,Windows,Harman,5.0,Wi-Fi 5,1.19,15.9,199.0,319.0,2018.0,157.3505121487356,1,0,0,0,0,0,1,1,24,12.0,17810000.0
Asus,i7,1.8-2.5,>4.2,NVIDIA MX,LPDDR3,16.0,2133.0,512 GB,14.0,Full HD,HD,1,Kim loại,Windows,Harman,5.0,Wi-Fi 6,1.26,18.2,199.0,319.0,2019.0,157.3505121487356,1,0,0,0,0,0,1,1,24,12.0,24940000.0
Asus,i5,<1.8,3.5-4.2,Intel,LPDDR3,8.0,2133.0,512 GB,14.0,Full HD,HD,1,Kim loại,Windows,TrueHarmony,5.0,Wi-Fi 6,1.26,18.2,199.0,319.0,2019.0,157.3505121487356,1,0,0,0,0,0,1,1,24,4.5,17210000.0
Asus,i5,<1.8,3.5-4.2,NVIDIA GTX,DDR4,8.0,2400.0,256 GB,15.6,Full HD,HD,1,Kim loại,Windows,Realtek,5.0,Wi-Fi 5,1.6,17.9,220.0,354.0,2018.0,141.21199808219862,1,0,0,0,0,0,1,1,24,5.5,16540000.0
Dell,i7,>2.5,>4.2,NVIDIA RTX,DDR4,16.0,2933.0,512 GB,15.6,Full HD,HD,1,Nhựa,Windows,,5.0,Wi-Fi 6,2.65,31.13,254.0,364.46,2020.0,141.21199808219862,1,1,0,1,0,0,0,1,12,4.0,26450000.0
Dell,R7,>2.5,>4.2,NVIDIA RTX,DDR4,16.0,3200.0,512 GB,15.6,Full HD,HD,0,Nhựa,Windows,Nahimic,5.2,Wi-Fi 6,2.81,26.9,272.1,357.2,2021.0,141.21199808219862,1,0,0,0,0,0,0,1,12,10.5,29150000.0
Dell,i7,>2.5,>4.2,NVIDIA GTX,DDR4,16.0,2933.0,HDD 1 TB,15.6,Full HD,HD,1,Nhựa,Windows,Nahimic,5.0,Wi-Fi 5,2.56,30.96,254.0,364.46,2020.0,141.21199808219862,1,0,0,1,0,0,0,0,12,8.0,23180000.0
Dell,i7,>2.5,>4.2,NVIDIA GTX,DDR4,16.0,2933.0,512 GB,15.6,Full HD,HD,1,Nhựa,Windows,Nahimic,5.0,Wi-Fi 5,2.58,30.96,254.0,364.46,2020.0,141.21199808219862,1,0,0,0,0,0,0,0,12,10.5,26180000.0
Dell,i7,>2.5,>4.2,NVIDIA GTX,DDR4,16.0,2933.0,512 GB,15.6,Full HD,HD,1,Nhựa,Windows,Nahimic,5.0,Wi-Fi 6,2.58,30.96,254.0,364.46,2020.0,141.21199808219862,1,1,0,1,0,0,0,0,12,8.5,26780000.0
Dell,i7,>2.5,>4.2,NVIDIA GTX,DDR4,16.0,2933.0,512 GB,15.6,Full HD,HD,1,Nhựa,Windows,Nahimic,5.0,Wi-Fi 6,2.58,30.96,254.0,364.46,2020.0,141.21199808219862,1,1,0,1,0,0,0,0,12,10.5,27930000.0
Dell,i7,>2.5,>4.2,NVIDIA GTX,DDR4,16.0,2933.0,512 GB,15.6,Full HD,HD,1,Nhựa,Windows,Nahimic,4.2,Wi-Fi 5,2.55,28.18,254.0,364.46,2020.0,141.21199808219862,1,0,0,1,0,0,0,1,12,10.0,24620000.0
Dell,R5,>2.5,3.5-4.2,AMD,DDR4,8.0,3200.0,512 GB,15.6,Full HD,HD,1,Nhựa,Windows,Nahimic,5.0,Wi-Fi 5,2.5,30.9,254.0,364.46,2020.0,141.21199808219862,1,0,0,0,0,0,0,1,12,10.0,22460000.0
Dell,i3,1.8-2.5,3.5-4.2,Intel,LPDDR4X,8.0,4267.0,256 GB,13.3,> Full HD,HD,0,Kim loại,Windows,Realtek,5.1,Wi-Fi 6,1.28,15.9,210.0,296.78,2021.0,170.23725351079585,1,1,0,1,0,0,0,1,12,9.0,15990000.0
Dell,i5,1.8-2.5,3.5-4.2,NVIDIA MX,DDR4,8.0,3200.0,512 GB,14.0,Full HD,HD,1,Nhựa + kim loại,Windows,Realtek,5.1,Wi-Fi 6,1.65,18.0,211.5,321.5,2021.0,157.3505121487356,1,0,1,1,0,0,0,0,12,9.0,21990000.0
Dell,i3,>2.5,3.5-4.2,Intel,DDR4,4.0,2666.0,256 GB,15.6,Full HD,HD,1,Nhựa,Windows,Realtek,5.0,Wi-Fi 5,1.7,18.9,235.5,358.5,2021.0,141.21199808219862,0,0,0,0,0,0,0,1,12,11.0,13490000.0
Dell,i5,1.8-2.5,3.5-4.2,Intel,DDR4,4.0,2666.0,512 GB,15.6,Full HD,HD,1,Nhựa,Windows,Realtek,5.0,Wi-Fi 5,1.7,18.9,235.5,358.5,2021.0,141.21199808219862,0,0,0,0,0,0,0,1,12,11.5,17810000.0
Dell,i5,<1.8,3.5-4.2,NVIDIA MX,DDR4,8.0,2666.0,,15.6,Full HD,HD,1,Nhựa,Windows,Waves MaxxAudio,5.0,Wi-Fi 5,1.95,22.45,249.0,364.0,2019.0,141.21199808219862,1,0,0,1,0,0,0,1,12,3.0,15690000.0
Dell,i5,1.8-2.5,3.5-4.2,Intel,DDR4,4.0,2666.0,512 GB,15.6,Full HD,HD,1,Nhựa,Windows,Realtek,5.0,Wi-Fi 5,1.96,19.9,249.0,363.96,2020.0,141.21199808219862,0,0,0,0,0,0,0,1,12,9.0,16070000.0
Dell,i5,1.8-2.5,3.5-4.2,Intel,DDR4,8.0,3200.0,512 GB,14.0,Full HD,HD,1,Nhựa + kim loại,Windows,Realtek,5.1,Wi-Fi 6,1.72,18.94,222.9,324.3,2020.0,157.3505121487356,1,0,1,1,0,0,0,0,12,6.0,17730000.0
Dell,i5,<1.8,3.5-4.2,NVIDIA MX,DDR4,8.0,2666.0,256 GB,14.0,Full HD,HD,1,Nhựa,Windows,Waves MaxxAudio,5.0,Wi-Fi 5,1.67,19.1,232.0,324.3,2018.0,157.3505121487356,1,0,0,1,0,0,0,1,12,6.0,19000000.0
Dell,i5,<1.8,3.5-4.2,NVIDIA MX,DDR4,8.0,1600.0,256 GB,14.0,Full HD,HD,1,Nhựa,Windows,Realtek,5.0,Wi-Fi 5,1.9,20.0,232.0,328.0,2018.0,157.3505121487356,1,0,1,1,0,0,0,0,12,3.0,19180000.0
Dell,i5,1.8-2.5,3.5-4.2,Intel,LPDDR4X,8.0,4267.0,512 GB,13.3,Full HD,HD,1,Kim loại,Windows,Realtek,5.0,Wi-Fi 6,1.37,16.74,206.4,305.2,2020.0,165.6321180513006,1,1,1,1,1,0,0,0,12,4.0,21540000.0
Dell,i7,>2.5,>4.2,Intel,DDR4,16.0,4267.0,512 GB,13.3,> Full HD,HD,1,Kim loại,Windows,Realtek,5.0,Wi-Fi 6,1.37,16.7,206.0,305.0,2021.0,331.2642361026012,1,1,1,1,0,0,0,0,12,10.5,28800000.0
Dell,i5,1.8-2.5,3.5-4.2,NVIDIA MX,LPDDR4X,16.0,4267.0,512 GB,14.0,> Full HD,HD,1,Nhựa + kim loại,Windows,Realtek,5.1,Wi-Fi 6,1.35,16.75,224.5,321.7,2020.0,215.6338544470081,1,1,0,1,1,0,0,1,12,10.0,26340000.0
Dell,i5,1.8-2.5,>4.2,NVIDIA GTX,DDR4,8.0,2933.0,512 GB,15.6,Full HD,HD,1,Kim loại,Windows,Realtek,5.1,Wi-Fi 6,1.9,18.9,234.5,356.1,2020.0,141.21199808219862,1,0,0,1,0,0,0,0,12,9.5,26070000.0
Dell,i7,>2.5,>4.2,NVIDIA GTX,DDR4,8.0,2933.0,512 GB,15.6,Full HD,HD,1,,Windows,Realtek,5.0,Wi-Fi 6,1.81,18.9,234.5,356.1,2020.0,141.21199808219862,1,0,0,1,0,0,0,1,12,10.5,27930000.0
Dell,i5,1.8-2.5,3.5-4.2,NVIDIA GTX,DDR4,8.0,2666.0,256 GB,15.6,Full HD,HD,1,Kim loại,Windows,Waves MaxxAudio,5.0,Wi-Fi 5,2.0,20.0,239.0,358.0,2019.0,141.21199808219862,1,0,0,1,0,0,0,0,12,3.0,18810000.0
Dell,i5,1.8-2.5,3.5-4.2,Intel,DDR4,8.0,3200.0,256 GB,15.6,Full HD,HD,1,Nhựa,Windows,Realtek,5.1,Wi-Fi 6,1.79,18.0,240.9,361.0,2021.0,141.21199808219862,1,0,0,0,0,0,0,1,12,10.5,21550000.0
Dell,i5,<1.8,3.5-4.2,Intel,DDR4,4.0,2666.0,HDD 1 TB,14.0,Full HD,HD,1,Nhựa,Windows,Waves MaxxAudio,5.0,Wi-Fi 5,1.7,16.1,240.0,343.0,2018.0,157.3505121487356,1,0,0,1,0,0,0,1,12,3.0,13650000.0
Dell,i3,>2.5,3.5-4.2,Intel,DDR4,8.0,2666.0,256 GB,14.0,Full HD,HD,1,Nhựa,Windows,Realtek,5.0,Wi-Fi 5,1.64,19.9,239.5,328.7,2020.0,157.3505121487356,0,0,0,0,0,0,0,0,12,10.0,13300000.0
Dell,i5,1.8-2.5,3.5-4.2,Intel,DDR4,8.0,2666.0,256 GB,14.0,Full HD,HD,1,Nhựa,Windows,Realtek,,Wi-Fi 5,1.64,19.9,239.5,328.7,2021.0,157.3505121487356,0,0,0,0,0,0,0,1,12,11.0,16660000.0
Dell,i5,1.8-2.5,3.5-4.2,Intel,DDR4,8.0,,256 GB,14.0,Full HD,HD,1,Nhựa,Windows,Realtek,5.0,Wi-Fi 5,1.64,19.9,239.5,328.7,2020.0,157.3505121487356,0,0,0,0,0,0,0,0,12,9.5,15890000.0
Dell,i7,>2.5,>4.2,NVIDIA MX,DDR4,8.0,3200.0,512 GB,14.0,Full HD,HD,1,Nhựa,Windows,Realtek,5.0,Wi-Fi 5,1.64,19.9,239.5,328.7,2020.0,157.3505121487356,0,0,0,0,0,0,0,1,12,10.5,22690000.0
Dell,R5,1.8-2.5,3.5-4.2,AMD,DDR4,4.0,2400.0,256 GB,14.0,Full HD,HD,1,Nhựa,Windows,Realtek,5.0,Wi-Fi 5,1.7,19.9,239.5,328.7,2020.0,157.3505121487356,0,0,0,0,0,0,0,1,12,10.0,14250000.0
Dell,R5,1.8-2.5,3.5-4.2,AMD,DDR4,8.0,2400.0,512 GB,14.0,Full HD,HD,1,Nhựa,Windows,Realtek,5.0,Wi-Fi 5,1.7,19.9,239.5,328.7,2020.0,157.3505121487356,0,0,0,0,0,0,0,1,12,10.0,15980000.0
Dell,i5,1.8-2.5,3.5-4.2,NVIDIA MX,DDR4,4.0,3200.0,256 GB,15.6,Full HD,HD,1,Nhựa,Windows,Realtek,5.0,Wi-Fi 5,1.98,19.9,249.0,363.96,2020.0,141.21199808219862,0,0,0,0,0,0,0,1,12,10.0,16670000.0
Dell,i5,1.8-2.5,3.5-4.2,Intel,DDR4,8.0,2666.0,512 GB,15.6,Full HD,HD,1,Nhựa,Windows,Realtek,5.0,Wi-Fi 5,1.98,19.9,249.0,364.0,2021.0,141.21199808219862,0,0,0,0,0,0,0,1,12,11.0,18510000.0
Dell,i7,>2.5,>4.2,NVIDIA MX,DDR4,8.0,4267.0,512 GB,13.3,Full HD,HD,1,Nhựa + kim loại,Windows,Realtek,5.0,Wi-Fi 5,1.06,15.9,204.0,306.0,2020.0,165.6321180513006,1,0,0,1,1,0,0,1,12,9.5,23080000.0
Dell,i5,1.8-2.5,3.5-4.2,Intel,DDR4,8.0,3200.0,256 GB,14.0,Full HD,HD,1,Kim loại,Windows,Realtek,5.0,Wi-Fi 5,1.41,17.9,216.2,321.3,2020.0,157.3505121487356,1,0,0,1,0,0,0,1,12,8.5,17570000.0
Dell,i7,>2.5,>4.2,NVIDIA MX,DDR4,16.0,3200.0,512 GB,14.0,Full HD,HD,1,Nhựa + kim loại,Windows,Realtek,5.0,Wi-Fi 5,1.36,16.74,216.2,321.3,2020.0,157.3505121487356,1,0,0,1,0,0,0,1,12,9.5,23930000.0
Dell,i5,>2.5,>4.2,Intel,DDR4,8.0,3200.0,512 GB,14.0,Full HD,HD,1,Nhựa + kim loại,Windows,Realtek,5.1,Wi-Fi 6,1.44,17.99,212.8,321.27,2021.0,157.3505121487356,1,0,0,1,0,0,0,1,12,9.5,18620000.0
Dell,i5,<1.8,3.5-4.2,NVIDIA MX,DDR4,4.0,2666.0,HDD 1 TB,15.6,Full HD,HD,1,Nhựa,Windows,Waves MaxxAudio,,,1.91,18.87,249.0,361.1,2018.0,141.21199808219862,1,0,0,1,0,0,0,1,12,4.5,13380000.0
Dell,i5,<1.8,3.5-4.2,Intel,DDR4,8.0,3733.0,512 GB,Others,Full HD,,1,Kim loại,Windows,Realtek,5.0,Wi-Fi 6,1.2,14.8,196.0,296.0,2020.0,164.39605746882822,1,1,0,1,0,0,0,0,12,3.0,29510000.0
Dell,i5,1.8-2.5,3.5-4.2,Intel,DDR4,8.0,4267.0,256 GB,Others,> Full HD,HD,1,Kim loại,Windows,Stereo,5.1,Wi-Fi 6,1.32,14.35,207.0,297.0,2020.0,168.96682624578992,1,1,1,1,0,0,0,0,12,6.0,33260000.0
Dell,i5,1.8-2.5,3.5-4.2,Intel,LPDDR4X,8.0,4267.0,512 GB,Others,> Full HD,HD,1,Kim loại,Windows,Stereo,5.1,Wi-Fi 6,1.2,14.8,198.7,295.7,2020.0,168.96682624578992,1,1,0,1,0,0,0,0,12,3.5,29130000.0
Dell,i7,1.8-2.5,3.5-4.2,Intel,DDR3L,8.0,1866.0,256 GB,13.3,Full HD,HD,1,Kim loại,Windows,Waves MaxxAudio,4.1,Wi-Fi 5,1.21,11.6,199.0,302.0,2018.0,165.6321180513006,1,1,0,1,0,0,0,0,12,3.0,33200000.0
HP,R5,1.8-2.5,3.5-4.2,AMD,DDR4,8.0,3200.0,512 GB,14.0,< Full HD,HD,1,Nhựa,Windows,Other,4.2,Wi-Fi 5,1.47,17.9,225.0,324.0,2021.0,111.93520355955212,0,0,0,0,0,0,0,0,12,11.0,15050000.0
HP,i7,1.8-2.5,>4.2,NVIDIA MX,DDR4,4.0,2400.0,HDD 1 TB,15.6,Full HD,HD,1,Nhựa,Windows,Realtek,,,2.07,22.5,,,2019.0,141.21199808219862,0,0,0,0,0,0,0,0,12,3.0,14070000.0
HP,i5,<1.8,3.5-4.2,Intel,DDR4,4.0,2400.0,HDD 1 TB,15.6,Full HD,HD,1,Nhựa,Windows,Other,4.2,Wi-Fi 5,1.74,19.9,242.0,358.5,2019.0,141.21199808219862,0,0,0,0,0,0,0,0,12,3.0,12030000.0
HP,i7,>2.5,>4.2,Intel,DDR4,8.0,3200.0,512 GB,15.6,Full HD,HD,1,Nhựa,Windows,Realtek,4.2,Wi-Fi 5,1.592,18.0,242.0,358.5,2020.0,141.21199808219862,0,0,0,0,0,0,0,1,12,7.0,17350000.0
HP,i5,1.8-2.5,3.5-4.2,Intel,DDR4,8.0,3200.0,512 GB,15.6,Full HD,HD,1,Nhựa,Windows,Realtek,5.0,Wi-Fi 5,1.592,18.0,242.0,358.5,2020.0,141.21199808219862,0,0,0,0,0,0,0,1,12,6.0,15390000.0
HP,i3,<1.8,<3.5,Intel,DDR4,4.0,2666.0,256 GB,14.0,Full HD,HD,1,Nhựa,Windows,Stereo,4.2,Wi-Fi 5,1.47,19.9,225.9,324.0,2020.0,157.3505121487356,0,0,0,0,0,0,0,1,12,8.5,10930000.0
HP,i3,<1.8,<3.5,Intel,DDR4,4.0,2666.0,512 GB,14.0,Full HD,HD,1,Nhựa,Windows,Stereo,4.2,Wi-Fi 5,1.47,19.9,225.9,324.0,2020.0,157.3505121487356,0,0,0,0,0,0,0,1,12,8.5,11720000.0
HP,i5,1.8-2.5,3.5-4.2,Intel,DDR4,8.0,3200.0,512 GB,14.0,Full HD,HD,1,Nhựa,Windows,Stereo,4.2,Wi-Fi 5,1.426,19.9,225.9,324.0,2020.0,157.3505121487356,0,0,0,0,0,0,0,1,12,9.0,15880000.0
HP,R5,1.8-2.5,3.5-4.2,AMD,DDR4,4.0,3200.0,256 GB,14.0,Full HD,HD,1,Nhựa,Windows,HP Audio Boost,5.2,Wi-Fi 6,1.47,19.9,225.9,324.0,2021.0,157.3505121487356,0,0,0,0,0,0,0,1,12,10.0,13220000.0
HP,i3,<1.8,<3.5,Intel,DDR4,4.0,2666.0,256 GB,14.0,Full HD,HD,1,Nhựa,Windows,Realtek,5.0,Wi-Fi 5,1.38,17.9,225.0,324.0,2020.0,157.3505121487356,0,0,0,1,0,0,0,1,12,6.0,10990000.0
HP,i3,<1.8,<3.5,Intel,DDR4,4.0,2666.0,512 GB,14.0,Full HD,HD,1,Nhựa,Windows,Realtek,5.0,Wi-Fi 5,1.346,17.9,225.0,324.0,2020.0,157.3505121487356,0,0,0,1,0,0,0,1,12,6.5,11810000.0
HP,i5,<1.8,3.5-4.2,Intel,DDR4,8.0,2666.0,512 GB,14.0,Full HD,HD,1,Nhựa,Windows,Realtek,5.0,Wi-Fi 5,1.38,17.9,225.0,324.0,2020.0,157.3505121487356,0,0,0,1,0,0,0,1,12,7.0,15640000.0
HP,i5,<1.8,3.5-4.2,Intel,DDR4,8.0,2666.0,512 GB,14.0,Full HD,HD,1,Nhựa,Windows,Realtek,5.0,Wi-Fi 5,1.5,19.9,225.9,324.0,2019.0,157.3505121487356,0,0,0,1,0,0,0,1,12,5.5,14300000.0
HP,i7,1.8-2.5,3.5-4.2,Intel,DDR3,8.0,2133.0,256 GB,13.3,Full HD,FHD,0,Kim loại,Windows,Bang & Olufsen,4.2,Wi-Fi 5,1.32,15.7,205.0,305.8,2019.0,165.6321180513006,1,1,1,1,0,0,0,0,12,3.0,36030000.0
HP,i7,<1.8,>4.2,Intel,DDR4,16.0,2933.0,512 GB,14.0,Full HD,HD,0,Kim loại,Windows,Bang & Olufsen,5.0,Wi-Fi 6,1.32,16.6,202.6,319.3,2020.0,157.3505121487356,1,1,1,1,0,0,1,1,12,8.0,42330000.0
HP,i7,1.8-2.5,3.5-4.2,Intel,DDR3,16.0,2133.0,512 GB,13.3,Full HD,FHD,0,Kim loại,Windows,Bang & Olufsen,4.2,Wi-Fi 5,1.32,15.7,205.0,305.8,2019.0,165.6321180513006,1,1,1,1,0,0,0,0,12,3.0,40940000.0
HP,i7,1.8-2.5,3.5-4.2,Intel,DDR3,16.0,2133.0,512 GB,14.0,Full HD,FHD,0,Kim loại,Windows,Bang & Olufsen,4.2,Wi-Fi 5,1.32,16.9,215.0,321.4,2019.0,157.3505121487356,1,1,1,1,0,0,0,0,12,3.0,42580000.0
HP,i7,1.8-2.5,>4.2,Intel,DDR4,16.0,3200.0,512 GB,13.3,Full HD,HD,0,Kim loại,Windows,Bang & Olufsen,5.0,Wi-Fi 6,1.31,17.9,205.0,307.5,2020.0,165.6321180513006,1,1,1,1,0,0,1,1,12,7.0,35560000.0
HP,i5,<1.8,3.5-4.2,Intel,DDR3L,16.0,2133.0,256 GB,13.3,Full HD,VGA,1,Kim loại,Windows,Bang & Olufsen,5.0,Wi-Fi 5,1.2,15.0,,,2019.0,165.6321180513006,1,0,0,0,0,0,0,0,12,3.0,17600000.0
HP,i7,1.8-2.5,>4.2,Intel,DDR3L,8.0,2133.0,256 GB,13.3,Full HD,HD,1,Kim loại,Windows,Bang & Olufsen,5.0,Wi-Fi 5,1.28,14.9,212.0,307.0,2019.0,165.6321180513006,1,0,0,1,0,0,0,0,12,3.0,22510000.0
HP,i7,1.8-2.5,>4.2,Intel,DDR4,8.0,2400.0,256 GB,13.3,Full HD,HD,1,Kim loại,Windows,Bang & Olufsen,5.0,Wi-Fi 5,1.26,14.9,212.0,307.0,2019.0,165.6321180513006,1,0,0,1,0,0,0,0,12,3.0,22510000.0
HP,i5,<1.8,3.5-4.2,Intel,DDR4,8.0,2400.0,256 GB,13.3,Full HD,HD,1,Kim loại,Windows,Bang & Olufsen,5.0,Wi-Fi 5,1.17,14.7,211.5,307.0,2019.0,165.6321180513006,1,0,0,1,0,0,0,0,12,3.0,17930000.0
HP,i5,<1.8,3.5-4.2,Intel,DDR4,8.0,2400.0,512 GB,Others,Full HD,HD,1,Kim loại,Windows,Bang & Olufsen,5.0,Wi-Fi 5,1.17,14.7,211.5,307.0,2019.0,169.45439769863833,1,0,0,1,1,0,0,0,12,3.0,18580000.0
HP,i7,1.8-2.5,>4.2,NVIDIA MX,DDR4,8.0,2400.0,512 GB,13.3,Full HD,HD,1,Kim loại,Windows,Bang & Olufsen,5.0,Wi-Fi 5,1.17,14.7,211.5,307.0,2019.0,165.6321180513006,1,0,0,1,0,0,0,0,12,3.0,23580000.0
HP,i5,<1.8,3.5-4.2,Intel,DDR4,8.0,3200.0,256 GB,13.3,Full HD,HD,1,Kim loại,Windows,Bang & Olufsen,5.0,Wi-Fi 5,1.258,16.9,194.6,306.5,2020.0,165.6321180513006,1,1,0,1,0,0,0,0,12,3.0,17650000.0
HP,i5,<1.8,3.5-4.2,Intel,DDR4,8.0,3200.0,512 GB,13.3,Full HD,HD,1,Kim loại,Windows,Bang & Olufsen,5.0,Wi-Fi 5,1.25,16.9,194.6,306.5,2020.0,165.6321180513006,1,1,0,1,0,0,0,0,12,3.0,18830000.0
HP,i7,<1.8,3.5-4.2,Intel,DDR4,8.0,3200.0,512 GB,13.3,Full HD,HD,1,Kim loại,Windows,Bang & Olufsen,5.0,Wi-Fi 5,1.25,16.9,194.6,306.5,2020.0,165.6321180513006,1,1,0,1,0,0,0,0,12,6.0,23680000.0
HP,i5,1.8-2.5,3.5-4.2,Intel,DDR4,8.0,2933.0,256 GB,13.3,Full HD,HD,1,Kim loại,Windows,Bang & Olufsen,5.0,Wi-Fi 6,1.236,16.9,194.6,306.5,2020.0,165.6321180513006,1,1,0,1,1,0,0,0,12,4.0,20280000.0
HP,i5,1.8-2.5,3.5-4.2,Intel,DDR4,8.0,2933.0,512 GB,13.3,Full HD,HD,1,Kim loại,Windows,Bang & Olufsen,5.0,Wi-Fi 6,1.236,16.9,194.6,306.5,2020.0,165.6321180513006,1,1,0,1,1,0,0,0,12,7.5,20620000.0
HP,i7,>2.5,>4.2,Intel,DDR4,8.0,2933.0,512 GB,13.3,Full HD,HD,1,Kim loại,Windows,Bang & Olufsen,5.0,Wi-Fi 6,1.236,16.9,194.6,306.5,2020.0,165.6321180513006,1,1,0,1,1,0,0,0,12,4.5,24530000.0
HP,i7,>2.5,>4.2,Intel,DDR4,16.0,2933.0,1 TB,13.3,Full HD,HD,1,Kim loại,Windows,Bang & Olufsen,5.0,Wi-Fi 6,1.236,16.9,194.6,306.5,2020.0,165.6321180513006,1,1,0,1,1,0,0,0,12,11.0,30290000.0
HP,i7,>2.5,>4.2,NVIDIA GTX,DDR4,16.0,2933.0,1 TB,15.6,Full HD,HD,1,Kim loại,Windows,Bang & Olufsen,5.0,Wi-Fi 6,2.14,18.4,236.8,357.9,2020.0,141.21199808219862,1,1,1,1,1,0,0,0,12,7.5,47260000.0
HP,R5,1.8-2.5,3.5-4.2,AMD,DDR4,8.0,2400.0,256 GB,13.3,Full HD,HD,1,Kim loại,Windows,Bang & Olufsen,4.2,Wi-Fi 5,1.31,14.7,212.0,306.0,2019.0,165.6321180513006,1,0,1,1,0,0,1,0,12,6.0,19360000.0
HP,R7,1.8-2.5,3.5-4.2,AMD,DDR4,8.0,2400.0,256 GB,13.3,Full HD,HD,1,Kim loại,Windows,Bang & Olufsen,4.2,Wi-Fi 5,1.31,14.7,212.0,306.0,2019.0,165.6321180513006,1,0,1,1,0,0,1,0,12,3.0,22020000.0
HP,i7,>2.5,>4.2,NVIDIA RTX,DDR4,16.0,2933.0,1 TB,15.6,Full HD,HD,1,Kim loại,Windows,DTS,5.0,Wi-Fi 6,2.36,22.5,239.7,357.9,2020.0,141.21199808219862,1,1,0,0,0,0,0,1,12,7.5,47260000.0
HP,i7,1.8-2.5,3.5-4.2,NVIDIA GTX,DDR4,8.0,2666.0,HDD 1 TB,15.6,Full HD,HD,1,Nhựa,Windows,Bang & Olufsen,4.2,Wi-Fi 5,2.17,17.9,221.7,326.8,2019.0,141.21199808219862,1,0,0,0,0,0,0,0,12,6.0,24270000.0
HP,i5,<1.8,3.5-4.2,Intel,DDR4,4.0,2666.0,HDD 1 TB,14.0,Full HD,HD,1,Nhựa,Windows,Realtek,4.2,Wi-Fi 5,1.607,19.7,222.9,324.0,2019.0,157.3505121487356,0,0,1,0,0,0,0,0,12,3.0,13910000.0
HP,i3,1.8-2.5,3.5-4.2,Intel,DDR4,4.0,3200.0,256 GB,14.0,Full HD,HD,1,Kim loại,Windows,Bang & Olufsen,5.0,Wi-Fi 5,1.41,17.0,216.6,325.0,2021.0,157.3505121487356,0,0,0,0,0,0,0,1,12,11.0,13270000.0
HP,i5,1.8-2.5,3.5-4.2,Intel,DDR4,8.0,3200.0,512 GB,14.0,Full HD,HD,1,Kim loại,Windows,Bang & Olufsen,5.0,Wi-Fi 5,1.41,17.0,216.6,325.0,2021.0,157.3505121487356,0,0,0,0,0,0,0,1,12,10.0,17450000.0
HP,i5,<1.8,3.5-4.2,Intel,DDR4,4.0,2666.0,HDD 1 TB,15.6,Full HD,HD,1,Nhựa + kim loại,Windows,Realtek,5.0,Wi-Fi 5,1.75,17.9,245.6,361.6,2019.0,141.21199808219862,0,0,0,0,0,0,0,1,12,3.0,12690000.0
HP,i5,<1.8,3.5-4.2,NVIDIA MX,DDR4,4.0,2666.0,HDD 1 TB,15.6,Full HD,HD,1,Kim loại,Windows,Bang & Olufsen,5.0,Wi-Fi 5,1.75,17.9,245.6,361.6,2019.0,141.21199808219862,0,0,0,0,0,0,0,1,12,3.0,13340000.0
HP,i5,<1.8,3.5-4.2,NVIDIA MX,DDR4,8.0,2666.0,HDD 1 TB,15.6,Full HD,HD,1,Nhựa + kim loại,Windows,Bang & Olufsen,5.0,Wi-Fi 5,1.83,17.9,245.6,361.6,2019.0,141.21199808219862,0,0,0,0,0,0,0,1,12,3.0,13910000.0
HP,i7,>2.5,>4.2,Intel,DDR4,8.0,3200.0,512 GB,15.6,Full HD,HD,1,Kim loại,Windows,Bang & Olufsen,5.0,Wi-Fi 5,1.685,17.9,234.0,360.2,2021.0,141.21199808219862,0,0,0,0,0,0,0,1,12,9.0,19720000.0
HP,i5,1.8-2.5,3.5-4.2,Intel,DDR4,8.0,3200.0,512 GB,15.6,Full HD,HD,1,Kim loại,Windows,Bang & Olufsen,5.0,Wi-Fi 5,1.677,17.9,234.0,360.2,2021.0,141.21199808219862,0,0,0,0,0,0,0,1,12,8.5,16490000.0
HP,i5,1.8-2.5,3.5-4.2,Intel,DDR4,8.0,3200.0,256 GB,15.6,Full HD,HD,1,Kim loại,Windows,Bang & Olufsen,5.0,Wi-Fi 5,1.682,17.9,234.0,360.2,2021.0,141.21199808219862,0,0,0,0,0,0,0,1,12,8.5,15620000.0
HP,i3,1.8-2.5,3.5-4.2,Intel,DDR4,4.0,3200.0,512 GB,15.6,Full HD,HD,1,Kim loại,Windows,Bang & Olufsen,5.0,Wi-Fi 5,1.682,17.9,234.0,360.2,2021.0,141.21199808219862,0,0,0,0,0,0,0,1,12,9.0,13780000.0
HP,i3,1.8-2.5,3.5-4.2,Intel,DDR4,4.0,3200.0,256 GB,15.6,Full HD,HD,1,Kim loại,Windows,Bang & Olufsen,5.0,Wi-Fi 5,1.682,17.9,234.0,360.2,2021.0,141.21199808219862,0,0,0,0,0,0,0,1,12,9.0,13000000.0
HP,i7,>2.5,>4.2,NVIDIA GTX,DDR4,8.0,2933.0,512 GB,15.6,Full HD,HD,1,Nhựa,Windows,Bang & Olufsen,5.0,Wi-Fi 6,2.23,23.4,256.0,360.0,2021.0,141.21199808219862,1,0,0,0,0,0,0,1,12,6.5,23920000.0
HP,i7,1.8-2.5,>4.2,NVIDIA GTX,DDR4,8.0,3200.0,512 GB,Others,Full HD,HD,1,Nhựa,Windows,Bang & Olufsen,5.0,Wi-Fi 6,2.35,23.5,262.5,370.0,2020.0,136.82653230324834,1,0,0,0,0,0,0,1,12,7.5,26120000.0
HP,i7,>2.5,>4.2,Intel,DDR4,8.0,3200.0,512 GB,14.0,Full HD,HD,1,Nhựa,Windows,Bang & Olufsen,5.0,Wi-Fi 5,1.65,19.0,221.0,324.0,2020.0,157.3505121487356,0,0,1,1,0,0,0,0,12,5.0,18150000.0
HP,i3,>2.5,3.5-4.2,Intel,DDR4,4.0,3200.0,512 GB,14.0,< Full HD,HD,1,Nhựa + kim loại,Windows,HP Audio Boost,5.0,Wi-Fi 6,1.38,19.9,213.9,321.9,2020.0,111.93520355955212,1,0,0,1,0,0,0,1,12,10.0,12430000.0
HP,i5,<1.8,3.5-4.2,Intel,DDR4,4.0,2666.0,HDD 1 TB,13.3,< Full HD,HD,1,Kim loại,Windows,Realtek,5.0,Wi-Fi 5,1.52,18.0,230.9,308.6,2019.0,117.82653006268644,1,0,0,1,0,0,0,1,12,3.0,13890000.0
HP,i5,<1.8,3.5-4.2,Intel,DDR4,4.0,2666.0,256 GB,13.3,< Full HD,HD,1,Kim loại,Windows,Realtek,,,1.45,18.0,230.9,308.6,2019.0,117.82653006268644,1,0,0,1,0,0,0,1,12,6.0,14920000.0
HP,i5,1.8-2.5,3.5-4.2,Intel,DDR4,4.0,3200.0,512 GB,14.0,Full HD,HD,1,Nhựa + kim loại,Windows,HP Audio Boost,5.0,Wi-Fi 6,1.38,19.9,213.9,321.9,2021.0,157.3505121487356,1,0,0,1,0,1,0,1,12,11.0,18080000.0
HP,i3,>2.5,3.5-4.2,Intel,DDR4,4.0,3200.0,256 GB,15.6,< Full HD,HD,1,Kim loại,Windows,Realtek,5.0,Wi-Fi 6,1.725,19.9,233.9,359.4,2020.0,100.45466986113652,1,0,0,1,0,0,0,0,12,10.5,12930000.0
HP,i7,1.8-2.5,>4.2,Intel,DDR4,8.0,2400.0,256 GB,13.3,Full HD,HD,0,Kim loại,Windows,Bang & Olufsen,,,1.32,14.5,217.9,308.8,,165.6321180513006,1,0,1,1,0,0,0,0,12,6.0,36370000.0
HP,i5,<1.8,3.5-4.2,NVIDIA Quadro,DDR4,8.0,2666.0,256 GB,14.0,Full HD,HD,0,Kim loại,Windows,Bang & Olufsen,5.0,Wi-Fi 6,1.41,17.9,214.6,323.0,2020.0,157.3505121487356,0,1,0,1,0,0,0,1,12,3.0,26120000.0
HP,i7,1.8-2.5,>4.2,NVIDIA Quadro,DDR4,16.0,2666.0,512 GB,14.0,Full HD,HD,0,Kim loại,Windows,Bang & Olufsen,5.0,Wi-Fi 6,1.41,17.9,214.6,323.0,2020.0,157.3505121487356,0,0,0,1,0,0,0,1,12,4.5,32380000.0
Lenovo,i5,1.8-2.5,3.5-4.2,Intel,DDR4,8.0,3200.0,512 GB,15.6,Full HD,HD,1,Nhựa,Windows,Realtek,5.0,Wi-Fi 5,1.65,19.9,236.5,359.2,2021.0,141.21199808219862,0,0,0,0,1,1,0,1,24,18.5,15300000.0
Lenovo,i5,<1.8,<3.5,Intel,DDR4,4.0,2133.0,HDD 1 TB,15.6,Full HD,HD,1,Nhựa,Windows,Dolby,,,2.2,23.0,260.0,378.0,2018.0,141.21199808219862,0,0,0,0,0,0,0,0,12,4.5,10810000.0
Lenovo,i5,1.8-2.5,3.5-4.2,Intel,DDR4,16.0,3200.0,512 GB,14.0,Full HD,HD,1,Nhựa + kim loại,Windows,Realtek,5.1,Wi-Fi 6,1.39,19.9,211.59,321.57,2021.0,157.3505121487356,1,0,0,1,1,0,0,1,24,12.0,15830000.0
Lenovo,i7,>2.5,>4.2,Intel,DDR4,8.0,3200.0,512 GB,14.0,Full HD,HD,1,Nhựa + kim loại,Windows,Realtek,5.1,Wi-Fi 6,1.39,19.9,211.59,321.57,2021.0,157.3505121487356,1,0,0,1,1,0,0,1,24,20.5,19570000.0
Lenovo,i3,1.8-2.5,3.5-4.2,Intel,DDR4,8.0,2666.0,512 GB,14.0,Full HD,HD,1,Nhựa,Windows,Dolby,5.0,Wi-Fi 5,1.59,17.9,229.0,328.0,2019.0,157.3505121487356,1,0,1,1,0,0,0,0,12,3.0,13340000.0
Lenovo,i5,<1.8,3.5-4.2,Intel,DDR4,8.0,2666.0,512 GB,14.0,Full HD,HD,1,Nhựa,Windows,Dolby,4.2,Wi-Fi 5,1.65,17.9,229.0,328.0,2019.0,157.3505121487356,1,0,1,1,0,0,0,0,12,3.0,15310000.0
Lenovo,i5,<1.8,3.5-4.2,Intel,DDR4,8.0,3200.0,512 GB,14.0,Full HD,HD,1,Nhựa + kim loại,Windows,Dolby,5.0,Wi-Fi 5,1.5,20.4,218.5,322.6,2020.0,157.3505121487356,1,0,1,1,0,0,0,1,24,11.5,14950000.0
Lenovo,i5,1.8-2.5,>4.2,NVIDIA GTX,DDR4,8.0,2933.0,512 GB,15.6,Full HD,HD,0,Nhựa,Windows,Dolby,5.0,Wi-Fi 6,2.2,24.9,240.0,351.0,2020.0,141.21199808219862,1,0,0,0,1,0,0,1,24,18.0,19450000.0
Lenovo,i7,>2.5,>4.2,NVIDIA GTX,DDR4,8.0,2933.0,512 GB,15.6,Full HD,HD,0,Nhựa,Windows,Dolby,5.0,Wi-Fi 6,2.2,23.0,240.0,351.0,2020.0,141.21199808219862,1,0,0,0,0,0,0,1,24,15.5,19760000.0
Lenovo,i3,<1.8,<3.5,Intel,DDR4,4.0,2666.0,256 GB,15.6,Full HD,VGA,1,Nhựa,Windows,Realtek,5.0,Wi-Fi 5,1.79,17.9,245.0,358.0,2019.0,141.21199808219862,0,0,0,0,0,0,0,1,12,5.0,9620000.0
Lenovo,i5,<1.8,3.5-4.2,Intel,DDR4,8.0,2666.0,512 GB,15.6,Full HD,VGA,1,Nhựa,Windows,Realtek,5.0,Wi-Fi 5,1.79,17.9,245.0,358.0,2019.0,141.21199808219862,0,0,0,0,0,0,0,1,12,3.0,12520000.0
Lenovo,i3,<1.8,<3.5,Intel,DDR4,8.0,2666.0,512 GB,14.0,Full HD,HD,1,Nhựa + kim loại,Windows,Dolby,4.2,Wi-Fi 5,1.6,17.9,230.5,322.7,2019.0,157.3505121487356,0,0,0,0,0,0,0,1,12,3.5,11520000.0
Lenovo,i7,1.8-2.5,>4.2,NVIDIA MX,DDR4,8.0,2400.0,1 TB,15.6,Full HD,HD,1,Kim loại,Windows,Dolby,4.2,Wi-Fi 5,1.8,16.9,245.0,358.0,2019.0,141.21199808219862,1,0,0,1,0,0,0,1,12,3.0,21290000.0
Lenovo,i7,<1.8,3.5-4.2,Intel,DDR4,8.0,2666.0,512 GB,14.0,Full HD,VGA,1,Nhựa,Windows,Dolby,5.0,Wi-Fi 5,1.6,19.9,241.0,327.1,2020.0,157.3505121487356,0,0,0,0,0,0,0,1,24,11.0,14710000.0
Lenovo,i3,<1.8,<3.5,Intel,DDR4,4.0,2666.0,512 GB,15.6,Full HD,VGA,1,Nhựa,Windows,Stereo,5.0,Wi-Fi 5,1.85,19.9,253.4,362.2,2020.0,141.21199808219862,0,0,0,0,1,1,0,1,24,19.0,11110000.0
Lenovo,i5,<1.8,3.5-4.2,Intel,DDR4,8.0,3200.0,512 GB,14.0,Full HD,HD,1,Nhựa + kim loại,Windows,Dolby,5.0,Wi-Fi 5,1.52,17.9,211.8,321.7,2020.0,157.3505121487356,1,0,0,1,1,0,0,1,24,15.0,13910000.0
Lenovo,i3,<1.8,<3.5,Intel,DDR4,8.0,3200.0,512 GB,15.6,Full HD,HD,1,Nhựa + kim loại,Windows,Dolby,5.0,Wi-Fi 5,1.7,17.9,233.1,356.7,2020.0,141.21199808219862,1,0,0,1,1,0,0,1,24,9.5,11530000.0
Lenovo,i5,1.8-2.5,3.5-4.2,Intel,DDR4,8.0,3200.0,512 GB,15.6,Full HD,HD,1,Nhựa + kim loại,Windows,Dolby,5.1,Wi-Fi 6,1.66,17.9,233.13,356.67,2020.0,141.21199808219862,1,0,0,1,1,0,0,1,24,15.5,15890000.0
Lenovo,i3,1.8-2.5,3.5-4.2,Intel,DDR4,8.0,2666.0,256 GB,14.0,Full HD,HD,1,Nhựa,Windows,Realtek,5.0,Wi-Fi 5,1.5,19.9,241.0,327.1,2020.0,157.3505121487356,0,0,0,0,1,1,0,1,24,20.5,11980000.0
Lenovo,i3,>2.5,3.5-4.2,Intel,DDR4,8.0,3200.0,512 GB,15.6,Full HD,HD,1,Nhựa,Windows,Realtek,5.0,Wi-Fi 5,1.65,19.9,236.5,359.2,2021.0,141.21199808219862,0,0,0,0,1,1,0,1,24,18.5,12750000.0
Lenovo,i5,1.8-2.5,3.5-4.2,NVIDIA MX,DDR4,8.0,3200.0,512 GB,15.6,Full HD,HD,1,Nhựa + kim loại,Windows,Dolby,5.1,Wi-Fi 6,1.66,19.9,233.13,356.67,2020.0,141.21199808219862,1,0,0,1,1,0,0,1,24,20.0,18570000.0
Lenovo,i3,1.8-2.5,3.5-4.2,Intel,DDR4,8.0,2133.0,256 GB,14.0,Full HD,HD,1,Nhựa,Windows,Dolby,5.0,Wi-Fi 5,1.6,17.9,229.0,328.0,2019.0,157.3505121487356,1,0,1,1,0,0,0,0,12,3.0,12430000.0
Lenovo,i7,>2.5,>4.2,NVIDIA GTX,DDR4,8.0,2933.0,512 GB,15.6,Full HD,HD,0,Nhựa,Windows,Dolby,5.0,Wi-Fi 6,2.2,24.9,249.6,359.0,2020.0,141.21199808219862,1,0,0,0,1,0,0,1,24,18.5,22040000.0
Lenovo,i7,1.8-2.5,>4.2,NVIDIA MX,DDR4,8.0,2400.0,512 GB,15.6,Full HD,VGA,1,Nhựa,Windows,Dolby,4.1,Wi-Fi 5,1.73,19.9,251.4,362.0,2019.0,141.21199808219862,0,0,0,0,0,0,0,1,12,3.0,14920000.0
Lenovo,i3,1.8-2.5,3.5-4.2,Intel,DDR4,8.0,2400.0,HDD 1 TB,14.0,Full HD,HD,1,Nhựa,Windows,Dolby,,,1.55,17.9,230.5,322.7,2019.0,157.3505121487356,0,0,0,0,0,0,0,1,12,6.0,10140000.0
Lenovo,i5,<1.8,3.5-4.2,NVIDIA MX,DDR4,8.0,2400.0,HDD 1 TB,14.0,Full HD,HD,1,Nhựa + kim loại,Windows,Dolby,4.2,Wi-Fi 5,1.55,17.9,230.5,322.7,2019.0,157.3505121487356,0,0,0,0,0,0,0,1,12,3.0,13100000.0
Lenovo,i7,>2.5,>4.2,NVIDIA GTX,DDR4,8.0,2933.0,HDD 1 TB,15.6,Full HD,HD,0,Nhựa,Windows,Harman,5.0,Wi-Fi 6,2.3,23.57,251.4,362.0,2020.0,141.21199808219862,1,0,0,0,0,0,0,1,24,13.0,22760000.0
Lenovo,i7,1.8-2.5,3.5-4.2,NVIDIA GTX,DDR4,8.0,2666.0,,15.6,Full HD,,0,Nhựa,Windows,Dolby,4.2,Wi-Fi 5,2.3,23.9,260.0,365.0,2018.0,141.21199808219862,1,0,0,0,0,0,0,0,12,3.0,22920000.0
Lenovo,i7,>2.5,>4.2,Intel,DDR4,8.0,3200.0,512 GB,14.0,Full HD,HD,1,Kim loại,Windows,Dolby,5.1,Wi-Fi 6,1.4,17.9,218.0,323.0,2020.0,157.3505121487356,0,1,0,1,1,1,0,0,12,6.5,18700000.0
Lenovo,i5,<1.8,3.5-4.2,Intel,DDR4,8.0,3200.0,512 GB,14.0,Full HD,HD,1,Kim loại,Windows,Dolby,5.0,Wi-Fi 6,1.5,17.9,230.0,326.0,2020.0,157.3505121487356,0,0,0,1,0,0,0,1,12,4.5,13730000.0
Lenovo,i7,<1.8,3.5-4.2,Intel,DDR4,8.0,3200.0,512 GB,14.0,Full HD,HD,1,Kim loại,Windows,Dolby,5.0,Wi-Fi 5,1.5,17.9,230.0,326.0,2020.0,157.3505121487356,0,0,0,1,0,1,0,1,12,3.0,18290000.0
Lenovo,i7,1.8-2.5,>4.2,Intel,DDR4,8.0,2666.0,512 GB,14.0,Full HD,HD,1,Kim loại,Windows,Dolby,5.0,Wi-Fi 5,1.5,17.9,230.0,326.0,2020.0,157.3505121487356,0,0,0,1,1,0,0,0,12,3.0,17650000.0
Lenovo,i5,1.8-2.5,3.5-4.2,Intel,DDR4,8.0,4266.0,512 GB,14.0,Full HD,HD,0,Kim loại,Windows,Dolby,5.1,Wi-Fi 6,1.27,14.9,207.0,322.0,2020.0,157.3505121487356,1,1,0,1,1,1,0,0,12,5.5,16820000.0
Lenovo,i7,>2.5,>4.2,Intel,DDR4,8.0,4266.0,512 GB,14.0,Full HD,HD,0,Kim loại,Windows,Dolby,5.1,Wi-Fi 6,1.27,14.9,207.0,322.0,2020.0,157.3505121487356,1,1,0,1,1,1,0,0,12,6.0,20300000.0
Lenovo,i5,1.8-2.5,3.5-4.2,Intel,DDR4,16.0,3200.0,512 GB,14.0,Full HD,HD,1,Kim loại,Windows,Dolby,5.1,Wi-Fi 6,1.5,16.9,216.0,320.0,2021.0,157.3505121487356,1,1,1,1,1,0,0,0,12,10.0,22830000.0
Lenovo,i5,1.8-2.5,3.5-4.2,Intel,DDR4,8.0,3200.0,512 GB,14.0,Full HD,HD,1,Kim loại,Windows,Dolby,5.1,Wi-Fi 6,1.5,16.9,216.0,320.0,2021.0,157.3505121487356,1,1,1,1,1,0,0,0,12,10.0,21430000.0
Lenovo,i7,>2.5,>4.2,Intel,DDR4,16.0,3200.0,512 GB,14.0,Full HD,HD,1,Kim loại,Windows,Dolby,5.1,Wi-Fi 6,1.5,16.9,216.0,320.0,2021.0,157.3505121487356,1,1,1,1,1,0,0,0,12,10.0,25390000.0
Lenovo,i5,1.8-2.5,3.5-4.2,Intel,DDR4,8.0,3200.0,512 GB,15.6,Full HD,HD,1,Kim loại,Windows,Dolby,5.1,Wi-Fi 6,1.7,18.9,235.0,357.0,2020.0,141.21199808219862,0,1,0,1,1,1,0,1,12,10.5,17620000.0
Lenovo,i3,<1.8,<3.5,Intel,DDR4,4.0,2666.0,512 GB,15.6,Full HD,HD,1,Kim loại,Windows,Dolby,5.0,Wi-Fi 5,1.8,18.9,245.0,364.0,2020.0,141.21199808219862,0,0,0,1,0,1,0,1,12,6.0,10990000.0
Lenovo,i5,<1.8,3.5-4.2,Intel,DDR3L,8.0,2133.0,512 GB,13.3,Full HD,HD,4,Kim loại,Windows,Dolby,,,1.09,11.9,210.0,307.0,2019.0,165.6321180513006,1,1,0,1,0,0,0,0,12,3.0,19650000.0
Lenovo,i5,1.8-2.5,3.5-4.2,Intel,LPDDR4X,16.0,4266.0,512 GB,13.3,> Full HD,HD,0,Kim loại,Windows,Dolby,5.0,Wi-Fi 6,0.966,15.0,208.85,295.88,2020.0,226.98300468106115,1,1,0,0,0,1,1,1,24,15.5,23160000.0
Lenovo,i7,>2.5,>4.2,Intel,LPDDR4X,16.0,4266.0,1 TB,13.3,> Full HD,HD,0,Kim loại,Windows,Dolby,5.0,Wi-Fi 6,0.966,15.0,208.85,295.88,2020.0,226.98300468106115,1,1,0,0,0,1,1,1,24,15.0,27510000.0
Lenovo,i5,1.8-2.5,3.5-4.2,Intel,DDR4,8.0,3200.0,512 GB,14.0,Full HD,HD,0,Kim loại,Windows,Dolby,5.0,Wi-Fi 6,1.43,17.7,214.6,320.4,2020.0,157.3505121487356,1,1,1,1,1,0,0,0,24,21.0,22690000.0
Lenovo,i7,>2.5,>4.2,Intel,DDR4,8.0,3200.0,512 GB,14.0,Full HD,HD,0,Kim loại,Windows,Dolby,5.0,Wi-Fi 6,1.43,17.7,214.6,320.4,2020.0,157.3505121487356,1,1,1,1,1,0,0,0,24,21.5,25440000.0
Lenovo,i7,>2.5,>4.2,Intel,DDR4,16.0,4266.0,1 TB,14.0,> Full HD,HD,0,Kim loại,Windows,Dolby,5.1,Wi-Fi 6,1.37,15.7,216.4,319.4,2021.0,314.7010242974712,1,1,1,1,1,0,0,0,24,19.5,42970000.0
Lenovo,i7,1.8-2.5,3.5-4.2,Intel,DDR4,16.0,2400.0,512 GB,Others,> Full HD,VGA,0,Kim loại,Windows,Dolby,4.1,Wi-Fi 5,1.38,14.5,227.0,322.0,2019.0,316.96506044349616,1,1,1,1,0,0,0,0,12,3.0,40940000.0
Lenovo,i5,<1.8,3.5-4.2,Intel,DDR4,8.0,2666.0,512 GB,Others,> Full HD,HD,1,Kim loại,Windows,Dolby,5.0,Wi-Fi 6,1.1683,9.19,207.4,297.4,2020.0,195.93653120425253,1,0,1,0,0,0,1,0,24,11.0,20710000.0
Lenovo,i7,1.8-2.5,>4.2,Intel,DDR4,8.0,2666.0,512 GB,Others,> Full HD,HD,1,Kim loại,Windows,Dolby,5.0,Wi-Fi 6,1.1683,9.19,207.4,297.4,2020.0,195.93653120425253,1,0,1,0,0,0,1,0,24,15.5,24200000.0
Lenovo,i5,<1.8,3.5-4.2,Intel,DDR4,8.0,3200.0,512 GB,14.0,Full HD,HD,1,Kim loại,Windows,Dolby,5.0,Wi-Fi 6,1.55,15.1,208.18,320.6,2020.0,157.3505121487356,1,0,0,0,0,1,0,0,24,18.5,19130000.0
Lenovo,i7,<1.8,3.5-4.2,Intel,DDR4,8.0,3200.0,512 GB,14.0,Full HD,HD,1,Kim loại,Windows,Dolby,5.0,Wi-Fi 6,1.55,15.1,208.18,320.6,2020.0,157.3505121487356,1,0,0,0,0,1,0,0,24,13.5,20530000.0
Lenovo,i5,1.8-2.5,3.5-4.2,Intel,DDR4,8.0,3200.0,512 GB,14.0,Full HD,HD,1,Kim loại,Windows,Dolby,5.0,Wi-Fi 6,1.36,14.9,208.18,320.6,2020.0,157.3505121487356,1,1,0,1,0,1,1,0,24,17.0,19240000.0
Lenovo,i7,>2.5,>4.2,Intel,DDR4,8.0,3200.0,512 GB,14.0,Full HD,HD,1,Kim loại,Windows,Dolby,5.0,Wi-Fi 6,1.36,14.9,208.18,320.6,2020.0,157.3505121487356,1,1,0,1,0,1,1,0,24,18.0,21990000.0
MSI,i5,1.8-2.5,>4.2,NVIDIA GTX,DDR4,8.0,3200.0,512 GB,15.6,Full HD,HD,0,Nhựa + kim loại,Windows,Nahimic,5.1,Wi-Fi 6,1.86,21.7,254.0,359.0,2021.0,141.21199808219862,1,0,0,0,0,0,0,1,12,10.5,18320000.0
MSI,i7,>2.5,>4.2,NVIDIA GTX,DDR4,8.0,,512 GB,15.6,Full HD,HD,0,Nhựa + kim loại,Windows,Nahimic,5.1,Wi-Fi 6,1.86,21.7,254.0,359.0,2021.0,141.21199808219862,1,0,0,0,0,0,0,1,12,11.0,20280000.0
MSI,i7,>2.5,>4.2,NVIDIA RTX,DDR4,16.0,3200.0,512 GB,15.6,Full HD,HD,0,Nhựa + kim loại,Windows,Nahimic,5.1,Wi-Fi 6,1.86,21.7,254.0,359.0,2021.0,141.21199808219862,1,0,0,0,0,0,0,0,12,8.5,27190000.0
MSI,i7,>2.5,>4.2,NVIDIA GTX,DDR4,8.0,3200.0,512 GB,15.6,Full HD,HD,1,Kim loại,Windows,Realtek,5.1,Wi-Fi 6,2.3,27.5,248.0,357.0,2020.0,141.21199808219862,1,0,0,0,0,0,0,1,24,18.5,20020000.0
MSI,i7,1.8-2.5,>4.2,NVIDIA RTX,DDR4,16.0,3200.0,1 TB,Others,Full HD,HD,1,Kim loại,Windows,Nahimic,5.2,Wi-Fi 6,2.9,25.9,284.0,397.0,2021.0,127.33567457123112,1,0,0,0,0,0,0,0,24,20.0,43880000.0
MSI,i7,>2.5,>4.2,NVIDIA GTX,DDR4,16.0,2666.0,512 GB,15.6,Full HD,HD,1,Nhựa,Windows,Stereo,5.1,Wi-Fi 6,2.3,21.7,254.0,359.0,2020.0,141.21199808219862,1,0,0,0,0,0,0,0,24,20.0,27320000.0
MSI,i7,1.8-2.5,>4.2,NVIDIA RTX,DDR4,8.0,3200.0,512 GB,15.6,Full HD,HD,0,Nhựa,Windows,Nahimic,5.2,Wi-Fi 6,2.1,24.9,259.0,359.0,2021.0,141.21199808219862,1,0,0,0,0,0,0,0,12,8.5,25100000.0
MSI,i3,>2.5,3.5-4.2,Intel,DDR4,8.0,3200.0,256 GB,14.0,Full HD,HD,1,Kim loại,Windows,Nahimic,5.1,Wi-Fi 6,1.3,18.1,219.0,319.0,2021.0,157.3505121487356,1,0,0,0,0,0,0,1,12,10.5,12820000.0
Apple,i7,>2.5,>4.2,Radeon,DDR4,,2666.0,512 GB,Others,> Full HD,HD,0,Kim loại,MacOS,Dolby,5.0,Wi-Fi 5,2.0,16.2,245.9,357.9,2019.0,226.4155471693585,1,1,0,1,0,0,0,0,12,3.0,49130000.0
