Tên,Giá,Phiên bản,Công nghệ CPU,Loại CPU,Số lõi,Số luồng,Tốc độ CPU,Tốc độ tối đa,Bộ nhớ đệm,Tốc độ BUS,Dung lượng RAM,Loại RAM,Tốc độ RAM,Số khe cắm rời,Số khe RAM còn lại,Số RAM onboard,Hỗ trợ RAM tối đa,Kích thước màn hình,Loại màn hình,Độ phân giải,Tần số quét,Độ sáng,Tấm nền,Công nghệ màn hình,Độ phủ màu,Tỷ lệ màn hình,Độ tương phản,Hỗ trợ công nghệ Optane,Tổng số khe cắm SSD/HDD,Số khe SSD/HDD còn lại,Số loa,Công nghệ âm thanh,Mở khóa vân tay,Nhận diện khuôn mặt,Mật khẩu,Loại ổ đĩa quang,Ổ đĩa quang,Kiểu bàn phím,Bàn phím số,Loại đèn bàn phím,Công nghệ đèn bàn phím,Màu đèn LED,TouchPad,Loại PIN,PIN (Cell),PIN có thể tháo rời,Power Supply,OS,Type,Version,Phần mềm khác,Width (mm),Chất liệu mặt bên ngoài cùng,Depth (mm),Chất liệu khung màn hình,Height (mm),Chất liệu mặt bàn phím + kê tay,Trọng lượng (kg),Chất liệu mặt lưng,Bản lề (Hinge / Kickstand),Tản nhiệt,P/N,Năm ra mắt,Xuất xứ,Thời gian bảo hành,Màn hình cảm ứng
"Laptop Dell Gaming G7 15 7500 i7 10750H/8GB/512GB/15.6""FHD/GTX1660Ti 6GB/Win 10 (No.00761228)",38999000,Intel,Core i7,10750H,6,12,2.60 GHz,5.00 GHz,12 MB Smart Cache,8 GT/s,8 GB,DDR4,2933 MHz,2,0,0,32 GB,"15.6""",LED,1920 x 1080 Pixel,144 Hz,300 nits,WVA,WVA Anti-glare LED Backlit Narrow Border,72% NTSC,16:09,800:1,512 GB,2,1,2,Realtek ALC3281 with Nahimic 3D audio for Gamers,Có,Không,Có,Không,Không,QWERTY,Có,LED,LEG RGB 4 Zone,RGB,Hỗ trợ cử chỉ đa cảm ứng,Lithium-ion,6 Cell,Không,240 W,Windows 10,64 bit,Home Single Language,Không,357.2,Kim Loại,267.7,Kim loại,18.3,Kim loại,2.56,Kim loại,Bản lề đơn,2 quạt,P100F001,2021,Trung Quốc,12 Tháng,
Laptop ASUS Flip BR1100FKA-BP0531T N4500/4GB/128GB eMMc/11.6''HD Touch/Win10 (No.00774630),9999000,Intel,Celeron,N4500,4,4,1.10 GHz,2.80 GHz,4 MB L3 Cache,,4 GB,DDR4,2933 MHz,0,0,1,Không,"11.6""",LED,1366 x 768 Pixel,60 Hz,250 nits,IPS,Anti-glare LED-backlit,--,16:09,--,--,1,1,2,ASUS SonicMaster stereo,Không,Không,Có,Không,Không,Chiclet Keyboard,Không,Không,Không,Không,Multi-touch touchpad,Lithium-ion,3 Cell,Không,45 W,Windows 10,64 bit,Home,Không,296.9,Nhựa,204.7,Kính,20,Nhựa,1.35,Nhựa,Bản lề đôi mở 360 độ,--,90NX03A1-M06750,2021,Trung Quốc,24 Tháng,Có
"Laptop Lenovo IdeaPad Slim 3 15ITL6 i3 1115G4/8GB/512GB/15.6""FHD/Win 10 (No.00748424)",14999000,Intel,Core i3,1115G4,2,4,1.00 GHz,Không,6 MB Cache,4 GT/s,8 GB,DDR4,3200 MHz,1,0,1,12 GB,"15.6""",LED,1920 x 1080 Pixel,60 Hz,250 nits,TN,Anti-glare LED-backlit,45% NTSC,16:09,--,Không,2,1,2,Dolby Audio,Có,Không,Có,Không,Không,"6-row, multimedia Fn keys, numeric keypad",Không,Không,Không,Không,2-button Mylar surface multi-touch touchpad,--,2 Cell,Không,--,Windows 10,64 bit,Home,Lenovo Vantage,359,ABS plastic,237.7,ABS plastic,19.9,ABS plastic,1.65,ABS plastic,Bản lề đơn,--,82H80040VN,2021,Trung Quốc,24 Tháng,
"Laptop Dell Vostro V3400 i5 1135G7/8GB/256GB/14.0""FHD/Win 10+Office Home&Student (No.00775350)",18899000,Intel,Core i5,1135G7,4,8,2.40 GHz,4.20 GHz,8 MB Smart Cache,4 GT/s,8 GB,DDR4,--,2,1,0,8 GB,"14.0""",LED,1920 x 1080 Pixel,60 Hz,--,WVA,WVA Anti-glare LED Backlit Narrow Border,--,16:10,600:1,Không,2,1,1,Realtek High Definition Audio,Không,Không,Có,Không,Không,QWERTY,Không,Không,Không,--,Multi-touch touchpad,Lithium-ion,3 Cell,Có,45 W,Windows 10,64 bit,Home Single Language,--,359,Nhựa,254,Nhựa,21.7,Nhựa,1.86,Nhựa,Bản lề đôi,1 quạt,70253900,2020,Trung Quốc,12 Tháng,
Laptop ASUS Gaming TUF FX516PE HN005T i7 11370H/ 8GB/512GB SSD/RTX 3050Ti 4GB/Win10 (No.00752190),29999000,Intel,Core i7,11370H,4,8,3.30 GHz,4.80 GHz,12 MB Smart Cache,,8 GB,DDR4,3200 MHz,2,1,0,32 GB,"15.6""",LED,1920 x 1080 Pixel,144 Hz,250 nits,IPS,Anti-glare LED-backlit,45% NTSC,16:09,1000:1,Có,2,1,2,DTS Studio Sound,Không,Không,Có,Không,Không,Chiclet Keyboard,Không,LED,--,--,Multi-touch touchpad,Lithium-ion,4 Cell,Không,180 W,Windows 10,64 bit,Home Single Language,Office 365 (Dùng thử),360,Kim Loại,252,Nhựa,19.9,Nhựa,2.072,Nhựa,Bản lề đơn,--,FX516PE-HN005T,2021,Trung Quốc,24 Tháng,
Laptop HP Probook 440 G8 i7 1165G7 /16GB/512GB/Intel Graphics/14''FHD/Win 10 (No.00756422),25190000,Intel,Core i7,1165G7,4,8,--,4.70 GHz,12 MB Smart Cache,4 GT/s,16 GB,DDR4,3200 MHz,2,1,1,32 GB,"14.0""",LED,1920 x 1200 Pixel,--,250 nits,IPS,--,45% NTSC,--,--,32 GB,1,0,2,Stereo speakers with high dynamic range,Có,Không,Có,Không,Không,Backlit Keyboard,Không,LED,--,White,--,Lithium-Polymer,3 Cell,Không,65 W,Windows 10,64 bit,Home Single Language,--,324,ABS plastic,212.4,Nhựa,19.9,Nhôm,1.4,Nhựa,Bản lề mở 180 độ,1 quạt,2Z6J6PA,2021,Trung Quốc,12 Tháng,
"Laptop Avita Liber NS14A9-UGA R5 4500U/8GB/512GB/14""FHD/Win 10 (No.00769916)",17999000,AMD,Ryzen 5,4500U,6,6,2.30 GHz,4.00 GHz,8 MB L3 Cache,,8 GB,LPDDR4X,3200 MHz,0,0,1,8 GB,"14.0""",LED,1920 x 1080 Pixel,60 Hz,220 nits,IPS,--,45% NTSC,16:09,400:1,Không,1,0,2,Realtek High Definition Audio,Có,Không,Có,Không,Không,Backlit Keyboard,Không,LED,Đơn sắc,White,Multi-touch touchpad,Lithium-Polymer,--,Không,42 W,Windows 10,64 bit,Home,Không,--,Nhôm,--,Nhựa,--,Nhôm,1.3,Nhựa,Mở rộng đến 135 độ,1 quạt,NS14A9VNV561-UGA,2020,Trung Quốc,24 Tháng,
Laptop Asus TUF Gaming FX706HC-HX009T i7 11800H/ 8GB/512GB SSD/RTX 3050 4GB/Win10 (No.00773699),29999000,Intel,Core i7,11800H,8,16,2.30 GHz,4.60 GHz,24 MB Smart Cache,,8 GB,DDR4,3200 MHz,2,1,0,32 GB,"17.3""",LED,1920 x 1080 Pixel,144 Hz,250 nits,IPS,Anti-glare LED-backlit,45% NTSC,16:09,800:1,--,2,1,--,ASUS SonicMaster stereo,Không,Không,Có,Không,Không,Backlit Chiclet Keyboard,Có,LED,--,--,Hỗ trợ cử chỉ đa cảm ứng,Lithium-ion,3 Cell,Không,48 W,Windows 10,64 bit,Home,Không,399,Kim Loại,269,Nhựa,21.37 ~ 26.13,Nhựa,2.6,Nhựa,Bản lề đôi,--,FX706HC-HX009T,2021,Trung Quốc,24 Tháng,
Laptop Lenovo Gaming Legion 5 R7 4800H/16GB/512GB/15.6”FHD/GTX 1650Ti 4GB/Win 10 (No.00765678),28999000,AMD,Ryzen 7,4800H,8,16,2.90 GHz,4.20 GHz,8 MB L3 Cache,,16 GB,DDR4,3200 MHz,2,0,0,32 GB,"15.6""",LED,1920 x 1080 Pixel,144 Hz,300 nits,IPS,"IPS LCD LED Backlit, True Tone",100% sRGB,16:09,--,Không,2,1,2,Harman Kardon speakers,Không,Không,Có,Không,Không,"6-row, multimedia Fn keys, numeric keypad",Có,LED,LEG RGB 4 Zone,RGB 4 Zone,2-button Mylar surface multi-touch touchpad,Lithium-Polymer,4 Cell,Không,170 W,Windows 10,64 bit,Home,Lenovo Vantage,363,ABS plastic,256.9,ABS plastic,22,ABS plastic,2.3,ABS plastic,Bản lề đôi,2 quạt,82B500RRVN,2020,Trung Quốc,24 Tháng,
"Laptop Dell Inspiron N3510 Pentium N5030/4GB/128GB/15.6""HD/Intel HD/Win 10/NK (No.00775824)",11699000,Intel,Pentium,N5030,4,4,1.00 GHz,3.10 GHz,4 MB Cache,,4 GB,DDR4,3200 MHz,1,0,0,8 GB,"15.6""",LED,1366 x 768 Pixel,60 Hz,220 nits,WVA,Wide-Viewing Angle (WVA),45% NTSC,16:09,400:1,Không,2,1,2,Realtek ALC3204,Không,Không,Có,Không,Không,English International Non-backlit Keyboard,Có,Không,Không,Không,Multi-touch touchpad,Lithium-Polymer,3 Cell,Không,65 W,Windows 10,64 bit,Home,Không,358.5,Nhựa,235,Nhựa,18.9,Nhựa,1.65,Nhựa,Bản lề đôi,1 quạt,,2021,Trung Quốc,12 Tháng,
Laptop Dell Gaming G15 5515 R7 5800H/16G/512G/RTX 3050Ti 4GB/15.6FHD/Win 10+Office Home&Student (No.00772989),33999000,AMD,Ryzen 7,5800H,8,16,3.20 GHz,4.40 GHz,16 MB Smart Cache,,16 GB,DDR4,3200 MHz,2,0,0,32 GB,"15.6""",LED,1920 x 1080 Pixel,120 Hz,250 nits,WVA,WVA Anti-glare LED Backlit Narrow Border,45% NTSC,16:09,600:1,Không,1,0,2,Realtek ALC3254 with Nahimic 3D Audio for Gamers,Không,Không,Có,Không,Không,Qwerty 4-Zone RGB Backlit Keyboard with Numeric Keypad and G-Key,Có,LED,LEG RGB 4 Zone,RGB 4 Zone,--,Lithium-Polymer,3 Cell,Không,180 W,Windows 10,64 bit,Home,Office 2019 Home & Student,357,--,272,--,26.9,--,2.81,--,--,--,70258051,2021,Trung Quốc,12 Tháng,
Laptop Asus Gaming TUF FX506HC HN002T i5 11400H/8GB/512GB SSD/RTX 3050_4GB/Win10 (No.00760020),25999000,Intel,Core i5,11400H,6,12,2.70 GHz,4.50 GHz,12 MB Smart Cache,8 GT/s,8 GB,DDR4,2933 MHz,2,1,0,32 GB,"15.6""",LED,1920 x 1080 Pixel,144 Hz,250 nits,IPS,Anti-glare LED-backlit,45% NTSC,16:09,1000:1,Có,2,1,2,ASUS SonicMaster stereo,Không,Không,Có,Không,Không,Backlit Keyboard,Không,LED,--,--,Multi-touch touchpad,Lithium-ion,3 Cell,Không,180 W,Windows 10,64 bit,Home,Không,359,ABS plastic,256,ABS plastic,24.4,ABS plastic,2.3,ABS plastic,Bản lề đơn,--,FX506HC-HN002T,2021,Trung Quốc,24 Tháng,
"Laptop Asus Vivobook M513UA-L1230T R5 5500U/8GB/512GB SSD/15.6"" OLED FHD/Win 10 (No.00770871)",18999000,AMD,Ryzen 5,5500U,6,12,2.10 GHz,4.00 GHz,8 MB Smart Cache,,8 GB,DDR4,--,1,0,1,20 GB,"15.6""",LED,1920 x 1080 Pixel,60 Hz,400 nits,OLED,OLED,--,16:09,--,Không,2,0,1,Harman Kardon speakers,Có,Không,Có,Không,Không,Chiclet Keyboard,Có,Không,Không,Không,Multi-touch touchpad,Lithium-ion,3 Cell,Không,42 W,Windows 10,64 bit,Home,Không,360,Nhôm,235,Nhựa,--,Nhựa,1.8,Nhựa,Bản lề đôi,--,90NB0TP2-M03440,2021,Trung Quốc,24 Tháng,
"Laptop Dell Vostro V3400 i7 1165G7/8GB/512GB/14""FHD/VGA MX330 2GB/Win 10 (No.00741402)",25999000,Intel,Core i7,1165G7,2,4,1.20 GHz,4.70 GHz,12 MB Smart Cache,4 GT/s,8 GB,DDR4,3200 MHz,2,1,0,16 GB,"14.0""",LED,1920 x 1080 Pixel,60 Hz,250 nits,WVA,Anti-glare LED-backlit,--,--,--,Có,--,--,2,Realtek High Definition Audio,Không,Không,Có,Không,Không,English International Backlit Keyboard,Không,Không,Không,Không,Multi-touch touchpad,Lithium-ion,3 Cell,Không,45 W,Windows 10,--,Home Single Language English,Không,361.4,--,249,--,199,--,1.81,--,Bản lề đôi,--,V4I7015W,2021,Trung Quốc,12 Tháng,
"Laptop MSI Modern 15 A11MU 678VN i5 1155G7/8GB/512GB/15.6""FHD/Win 10 (No.00772097)",19999000,Intel,Core i5,1155G7,4,8,2.50 GHz,4.50 GHz,8 MB Smart Cache,4 GT/s,8 GB,DDR4,3200 MHz,2,1,0,64 GB,"15.6""",LED,1920 x 1080 Pixel,60 Hz,300 nits,IPS,"IPS LCD LED Backlit, True Tone",45% NTSC,16:09,--,Không,2,1,2,HD Audio,Không,Không,Có,Không,Không,Backlit Keyboard,Không,LED,Đơn sắc,White,Multi-touch touchpad,Lithium-Polymer,3 Cell,Không,65 W,Windows 10,64 bit,Home Single Language,Không,356.8,Kim Loại,233.7,Nhựa,16.9,Kim loại,1.6,Kim loại,Bản lề mở 180 độ,1 quạt,678VN,2021,Trung Quốc,12 Tháng,
Laptop Lenovo Yoga 7 14ITL05 i7 1165G7/8GB/512GB/14”FHD Touch/Pen/Win 10 (No.00770796),28999000,Intel,Core i7,1165G7,4,8,2.80 GHz,4.70 GHz,12 MB Smart Cache,4 GT/s,8 GB,DDR4,3200 MHz,0,0,2,Không,"14.0""",LED,1920 x 1080 Pixel,60 Hz,300 nits,IPS,"IPS LCD LED Backlit, True Tone",100% sRGB,16:09,--,Không,1,0,2,Dolby Audio,Có,Có,Có,Không,Không,"6-row, multimedia Fn keys",Không,LED,Đơn sắc,White,2-button Mylar surface multi-touch touchpad,Lithium-Polymer,4 Cell,Không,--,Windows 10,64 bit,Home,Không,320,Nhôm,214,Kính,15.6,Nhôm,1.43,Nhôm,--,--,82BH00CLVN,2021,Trung Quốc,24 Tháng,Có
"Laptop Microsoft Surface Pro 7 i5 1035G4/8GB/128GB SSD/ 12.3"" Touch/Bàn phím/Win10 (No.00734879)",27499000,Intel,Core i5,1035G4,4,8,1.10 GHz,3.70 GHz,6 MB Smart Cache,4 GT/s,8 GB,LPDDR4X,3733 MHz,0,0,1,Không,"12.3""",LED,2736 x 1824 Pixel,60 Hz,395 nits,IPS Glossy,--,95% sRGB,3:2,--,Không,--,0,2,Dolby Audio,Không,Có,Có,Không,Không,Gắn rời,Không,Không,Không,Không,Multi-touch touchpad,Lithium-ion,4 Cell,Không,65 W,Windows 10,64 bit,--,Không,201,Hợp kim Magie,8.5,Kim loại,292,--,0.775,Kim loại,--,--,--,2019,Trung Quốc,1 đổi 1 12 Tháng,Có
Laptop Dell Gaming G15 5515 R7 5800H/8GB/512GB/ RTX3050 4GB/15.6FHD/Win 10+Office Home&Student (No.00772988),30999000,AMD,Ryzen 7,5800H,8,16,3.20 GHz,4.40 GHz,16 MB Smart Cache,,8 GB,DDR4,3200 MHz,2,0,0,32 GB,"15.6""",LED,1920 x 1080 Pixel,120 Hz,250 nits,WVA,WVA Anti-glare LED Backlit Narrow Border,45% NTSC,16:09,600:1,Không,1,0,2,Realtek ALC3254 with Nahimic 3D Audio for Gamers,Không,Không,Có,Không,Không,Qwerty 4-Zone RGB Backlit Keyboard with Numeric Keypad and G-Key,Có,LED,LEG RGB 4 Zone,RGB 4 Zone,--,Lithium-Polymer,3 Cell,Không,180 W,Windows 10,64 bit,Home,Office 2019 Home & Student,357,--,272,--,26.9,--,2.81,--,--,--,70258049,2021,Trung Quốc,12 Tháng,
"Laptop IdeaPad Slim 3 15ITL6 i5 1135G7/8GB/512GB/15.6""FHD/Win 10 (No.00748425)",17999000,Intel,Core i5,1135G7,4,8,2.40 GHz,4.20 GHz,8 MB Smart Cache,4 GT/s,8 GB,DDR4,3200 MHz,1,0,1,12 GB,"15.6""",LED,1920 x 1080 Pixel,60 Hz,250 nits,TN,Anti-glare LED-backlit,45% NTSC,16:09,--,Không,2,1,2,Dolby Audio,Có,Không,Có,Không,Không,"6-row, multimedia Fn keys, numeric keypad",Không,Không,Không,Không,2-button Mylar surface multi-touch touchpad,--,2 Cell,Không,--,Windows 10,64 bit,Home,Lenovo Vantage,359,ABS plastic,237.7,ABS plastic,19.9,ABS plastic,1.65,ABS plastic,Bản lề đơn,--,82H80044VN,2021,Trung Quốc,24 Tháng,
"Laptop HP Envy 13 ba1535TU i7 1165G7/8GB/512GB/13.3""FHD/Win 10 (No.00773702)",29899000,Intel,Core i7,1165G7,4,8,2.80 GHz,4.70 GHz,12 MB Smart Cache,4 GT/s,8 GB,DDR4,3200 MHz,0,0,1,64 GB,"13.3""",LED,1920 x 1080 Pixel,60 Hz,400 nits,IPS,--,100% sRGB,16:09,--,Không,1,0,2,Realtek High Definition Audio,Có,Không,Có,Không,Không,Full-size,Không,LED,Đơn sắc,White,Multi-touch touchpad,Lithium-ion,3 Cell,Không,65 W,Windows 10,64 bit,Home Single Language,Không,306,Kim Loại,194.5,Kim loại,16.9,Kim loại,1.23,Kim loại,Bản lề đôi,--,4U6M4PA,2021,Trung Quốc,12 Tháng,
"Laptop MSI Modern 14 B11MOU 852VN i5 1155G7/8GB/512GB/14""FHD/Win 10 (No.00775505)",18799000,Intel,Core i5,1155G7,4,8,2.50 GHz,4.50 GHz,8 MB Smart Cache,4 GT/s,8 GB,DDR4,3200 MHz,2,1,0,32 GB,"14.0""",LED,1920 x 1080 Pixel,60 Hz,300 nits,IPS,IPS LCD,45% NTSC,16:09,--,Không,1,0,1,Realtek High Definition Audio,Không,Không,Có,Không,Không,Backlit Keyboard,Không,LED,Đơn sắc,White,Multi-touch touchpad,Lithium-Polymer,3 Cell,Không,65 W,Windows 10,64 bit,Home Single Language,Không,319,Kim Loại,219,Kim loại,16.9,Kim loại,1.3,Kim loại,Bản lề đôi,1 quạt,852VN,2021,Trung Quốc,12 Tháng,
"Laptop Microsoft Surface Pro 7 i7 1065G7/16GB/256GB SSD/12.3""Touch/Win 10 (No.00747200)",39999000,Intel,Core i7,1065G7,4,8,1.30 GHz,3.90 GHz,8 MB Smart Cache,4 GT/s,16 GB,LPDDR4X,3733 MHz,0,0,1,Không,"12.3""",LED,2736 x 1824 Pixel,60 Hz,395 nits,IPS Glossy,--,95% sRGB,3:2,--,Không,--,0,2,Dolby Audio,Không,Có,Có,Không,Không,--,Không,Không,Không,Không,--,Lithium-ion,4 Cell,Không,65 W,Windows 10,64 bit,--,Không,201,Hợp kim Magie,8.5,Kim loại,292,--,0.775,Kim loại,--,--,--,2019,Trung Quốc,1 đổi 1 12 Tháng,Có
"Laptop Dell Inspiron N3505 R5 3450U/8GB/256GB/15.6""FHD Touch/AMD Radeon Vega 8/Win 10/NK (No.00775825)",17999000,AMD,Ryzen 5,3450U,4,8,2.10 GHz,3.50 GHz,4 MB L3 Cache,,8 GB,--,3200 MHz,2,1,0,16 GB,"15.6""",LED,1920 x 1080 Pixel,60 Hz,220 nits,WVA,Wide-Viewing Angle (WVA),45% NTSC,16:09,600:1,Không,1,0,2,Realtek ALC3204,Không,Không,Có,Không,Không,English International Non-backlit Keyboard,Có,Không,Không,Không,Multi-touch touchpad,Lithium-Polymer,3 Cell,Không,45 W,Windows 10,64 bit,Home,Không,363.96,Nhựa,249,Nhựa,18 ~ 19.90,Nhựa,1.98,Nhựa,Bản lề đôi,1 quạt,,2020,Trung Quốc,12 Tháng,Có
"MacBook Air 13"" 2020 M1 256GB (No.00725093)",28999000,Apple,M1,--,8,8,--,--,--,,8 GB,LPDDR4,--,0,0,1,16 GB,"13.3""",LED,2560 x 1600 Pixel,--,--,IPS,"IPS LCD LED Backlit, True Tone",96% sRGB,16:10,--,Không,--,--,2,Stereo speakers with high dynamic range,Có,Không,Có,Không,Không,English-International Backlit Keyboard,Không,LED,Đơn sắc,White,Hỗ trợ đa cử chỉ,Lithium-Polymer,--,Không,--,Mac OS,--,--,Các ứng dụng mặc định có sẵn của Mac OS,304.1,Nhôm,212.4,Nhựa,4.1 ~ 16.1,Nhôm,1.29,Nhôm,--,--,MGN63SA/A,2020,Trung Quốc,12 Tháng,
"MacBook Pro 16"" 2021 M1 Max 1TB (No.00777786)",92990000,Apple,M1 Max,--,10,16,--,--,--,,32 GB,--,--,0,0,1,64 GB,"16.2""",LED,3456 x 2234 Pixel,--,--,--,--,96% sRGB,--,--,Không,--,--,6,--,Có,Không,Có,Không,Không,English-International Backlit Keyboard,Không,LED,Đơn sắc,White,Hỗ trợ đa cử chỉ,Lithium-Polymer,--,Không,--,Mac OS,--,--,Các ứng dụng mặc định có sẵn của Mac OS,--,Nhôm,--,Nhựa,--,Nhôm,2.129,Nhôm,--,--,MK1A3SA/A,2021,Trung Quốc,12 Tháng,
Laptop Acer Nitro Gaming AN515 57 51G6 i5 11400H/8GB/512GB SSD/RTX 3050 4GB/Win10 (No.00762458),25999000,Intel,Core i5,11400H,6,12,2.60 GHz,4.40 GHz,12 MB Smart Cache,8 GT/s,8 GB,DDR4,3200 MHz,2,1,0,32 GB,"15.6""",LED,1920 x 1080 Pixel,144 Hz,--,IPS,Acer ComfyView LED-backlit,--,16:09,--,Có,3,2,2,Acer TrueHarmony,Không,Không,Có,Không,Không,Bàn phím cứng,Có,LED,LEG RGB 4 Zone,RGB 4 Zone,Multi-touch touchpad,Lithium-ion,4 Cell,Không,--,Windows 10,64 bit,Home,Không,363.4,Nhựa,255,Nhựa,23.9,Nhựa,2.2,Nhựa,Bản lề đôi,2 quạt với 3 ống đồng tản nhiệt,NH.QD8SV.002,2021,Trung Quốc,12 Tháng,
"Laptop Dell Gaming G5 5500 i7 10750H/16GB/512GB/RTX 2070 8GB/15""6FHD/Win 10 (No.00768693)",37999000,Intel,Core i7,10750H,6,12,2.60 GHz,5.00 GHz,12 MB Smart Cache,8 GT/s,16 GB,DDR4,2933 MHz,2,0,0,32 GB,"15.6""",LED,1920 x 1080 Pixel,120 Hz,220 nits,WVA,WVA Anti-glare LED Backlit Narrow Border,45% NTSC,16:09,--,Có,2,1,2,Realtek ALC3254 with Nahimic 3D Audio for Gamers,Có,Không,Có,Không,Không,QWERTY Backlit Keyboard with G-Key - Blue Print,Có,LED,SRGB,Blue,--,Lithium-Polymer,3 Cell,Không,240 W,Windows 10,64 bit,Home Single Language,--,364.46,ABS plastic,364.46,--,254,ABS plastic,2.4,ABS plastic,Mở rộng 130 độ,2 quạt,70252800,2021,Trung Quốc,12 Tháng,
"Laptop HP 245 G8 R3 5300U/4GB/512GB/14""HD/Win 10 (No.00775822)",12899000,AMD,Ryzen 3,5300U,4,8,2.60 GHz,3.80 GHz,4 MB L3 Cache,,4 GB,DDR4,3200 MHz,2,1,0,32 GB,"14.0""",LED,1366 x 768 Pixel,--,250 nits,IPS,LED-backlit,45% NTSC,--,--,Không,2,1,2,HP audio boost,Không,Không,Có,Không,Không,Full-size,Không,Không,--,--,Hỗ trợ cử chỉ đa cảm ứng,Lithium-ion,3 Cell,Không,45 W,Windows 10,64 bit,Home Single Language,Không,324,Nhựa,225.5,Nhựa,19.9,--,1.48,--,--,1 quạt,469W0PA,2021,Trung Quốc,12 Tháng,
Laptop MSI Gaming Katana GF66 11UC 641VN i7 11800H/8GB/512GB/RTX 3050 4GB/Win 10 (No.00772181),29999000,Intel,Core i7,11800H,8,16,2.30 GHz,4.60 GHz,24 MB Smart Cache,8 GT/s,8 GB,DDR4,3200 MHz,2,1,0,64 GB,"15.6""",LED,1920 x 1080 Pixel,144 Hz,300 nits,IPS,"IPS LCD LED Backlit, True Tone",72% NTSC,16:09,--,Không,1,0,2,HD Audio,Không,Không,Có,Không,Không,Backlit Keyboard,Không,LED,Đơn sắc,Red,Multi-touch touchpad,Lithium-Polymer,3 Cell,Không,--,Windows 10,64 bit,Home Single Language,Không,359,Kim Loại,--,Nhựa,24.9,Kim loại,2.1,Kim loại,Bản lề mở 180 độ,2 quạt,641VN,2021,Trung Quốc,12 Tháng,
"Laptop MSI Modern 14 B11MOU 850VN i3 1115G4/8GB/256GB/14""FHD/Win 10 (No.00776408)",14490000,Intel,Core i3,1115G4,2,4,1.70 GHz,4.10 GHz,6 MB Smart Cache,4 GT/s,8 GB,DDR4,3200 MHz,2,1,0,64 GB,"14.0""",LED,1920 x 1080 Pixel,60 Hz,300 nits,IPS,FHD,45% NTSC,--,--,Không,1,0,2,HD Audio,Không,Không,Có,Không,Không,Backlit Keyboard,Không,LED,Đơn sắc,White,Multi-touch touchpad,Lithium-Polymer,3 Cell,Không,39 W,Windows 10,64 bit,Home Single Language,Không,319,Kim Loại,219,Nhựa,16.9,Kim loại,1.3,Kim loại,Bản lề mở 180 độ,1 quạt,850VN,2021,Trung Quốc,12 Tháng,
Laptop Acer Nitro Gaming AN515 56 51N4 i5 11300H/8GB/512GB SSD/Nvidia GTX1650 4GB/Win10 (No.00748426),23999000,Intel,Core i5,11300H,4,8,3.00 GHz,4.40 GHz,8 MB Smart Cache,,8 GB,--,3200 MHz,2,1,0,32 GB,"15.6""",LED,1920 x 1080 Pixel,144 Hz,--,TFT IPS,Acer ComfyView LED-backlit,63% sRGB,--,--,Có,2,1,1,Acer TrueHarmony,Không,Không,Có,Không,Không,Chiclet Keyboard,Không,LED,SRGB,--,Multi-touch touchpad,Lithium-ion,--,Không,56 W,Windows 10,64 bit,Home,Không,363.4,ABS plastic,255,ABS plastic,23.9,ABS plastic,2.2,ABS plastic,--,2 quạt,NH.QBZSV.002,2021,Trung Quốc,12 Tháng,
Laptop Asus Zenbook UX425EA KI439T i7 1165G7/16GB/512GB SSD/Win 10 (No.00758226),30699000,Intel,Core i7,1165G7,4,8,2.80 GHz,4.70 GHz,16 MB Smart Cache,,16 GB,LPDDR4X,4266 MHz,0,0,1,Không,"14.0""",LED,1920 x 1080 Pixel,60 Hz,400 nits,IPS,Anti-glare LED-backlit,100% sRGB,16:09,--,Không,1,0,2,Harman Kardon speakers,Không,Có,Có,Không,Không,Backlit Chiclet Keyboard,Không,LED,Đơn sắc,--,Hỗ trợ cử chỉ đa cảm ứng,Lithium-ion,4 Cell,Không,65 W,Windows 10,64 bit,Home,Không,319,Kim Loại,208,Nhựa,13.9,Kim loại,1.17,Kim loại,Hinge,--,90NB0SM1-M09310,2021,Trung Quốc,24 Tháng,
Laptop HP ZBook Firefly 14 G8 i5 1135G7/16GB/512GB/14”FHD/Win 10 Pro (No.00772179),34899000,Intel,Core i5,1135G7,4,8,2.40 GHz,4.20 GHz,8 MB L3 Cache,4 GT/s,16 GB,DDR4,3200 MHz,0,0,1,Không,"14.0""",LED,1920 x 1080 Pixel,60 Hz,250 nits,IPS,Anti-glare LED UWVA,45% NTSC,--,600:1,Không,1,0,1,--,Có,Không,Có,Không,Không,--,Không,Không,Không,Không,--,--,3 Cell,Không,65 W,Windows 10 Pro 64,64 bit,Pro,Không,323,--,214.6,--,17.9,--,1.35,--,--,--,1A2F1AV,2021,Trung Quốc,12 Tháng,
"Laptop HP Envy 15-ep0145TX i7 10750H/16GB/1TB SSD/GTX 1660Ti MQ 6GB/15.6""FHDT/Win 10 (No.00722486)",48990000,Intel,Core i7,10750H,6,12,2.60 GHz,5.00 GHz,12 MB Smart Cache,8 GT/s,16 GB,DDR4,2933 MHz,2,0,0,32 GB,"15.6""",LED,1920 x 1080 Pixel,60 Hz,400 nits,IPS,LED Backlit,100% sRGB,16:09,--,--,2,1,2,Audio by B&O,Có,Không,Có,Không,Không,Backlit Keyboard,Không,LED,Đơn sắc,White,Hỗ trợ đa cử chỉ,Lithium-Polymer,6 Cell,Không,200 W,Windows 10,64 bit,Home Plus Single Language,Office 2019 Home & Student,357.9,Kim Loại,--,Kính,--,Kim loại,2.14,Kim loại,Bản lề đôi,2 quạt,231V7PA,2020,Trung Quốc,12 Tháng,Có
Laptop ASUS Gaming Zephyrus GA401IHR-HZ009T R7 4800HS/8GB/512GB SSD/GTX 1650 4GB/Win10 (No.00774631),27999000,AMD,Ryzen 7,4800HS,8,16,2.90 GHz,4.20 GHz,8 MB L3 Cache,,8 GB,DDR4,3200 MHz,1,1,1,24 GB,"14.0""",LED,1920 x 1080 Pixel,144 Hz,300 nits,IPS,Anti-glare LED-backlit,100% sRGB,16:09,--,--,1,0,2,ASUS SonicMaster stereo,Có,Không,Có,Không,Không,Chiclet Keyboard,Không,LED,--,--,Multi-touch touchpad,Lithium-ion,4 Cell,Không,150 W,Windows 10,64 bit,Home,Không,324,Kim Loại,222,Nhựa,17.9,Nhựa,1.6,Nhựa,Bản lề đôi,--,90NR07H3-M00090,2021,Trung Quốc,24 Tháng,
Laptop MSI Gaming GF65 10UE 286VN i5 10500H/16GB/512GB/15.6FHD/RTX 3060 Max-Q 6Gb/Win 10 (No.00752176),29699000,Intel,Core i5,10500H,6,12,2.50 GHz,4.50 GHz,8 MB Smart Cache,8 GT/s,16 GB,DDR4,3200 MHz,2,0,0,64 GB,"15.6""",LED,1920 x 1080 Pixel,144 Hz,--,IPS,--,45% NTSC,16:09,--,Không,2,1,2,Realtek High Definition Audio,Không,Không,Có,Không,Không,Backlit Keyboard,Có,--,Đơn sắc,Red,Multi-touch touchpad,Lithium-Polymer,3 Cell,Không,180 W,Windows 10,64 bit,Home Single Language,Không,359,--,254,Nhựa,21.7,Kim loại,1.86,Kim loại,Bản lề đôi,2 quạt,286VN,2021,Trung Quốc,12 Tháng,
"Laptop Dell Inspiron N3505 R5 3500U/8GB/512GB/15.6""FHD/Win 10+Office Home&Student (No.00775630)",20299000,AMD,Ryzen 5,3500U,4,8,2.10 GHz,3.70 GHz,4 MB Cache,,8 GB,DDR4,3200 MHz,2,1,0,16 GB,"15.6""",LED,1920 x 1080 Pixel,60 Hz,--,TFT,Truelife LED-Backlit,--,16:09,1000:1,Không,1,0,2,Realtek High Definition Audio,Không,Không,Có,Không,Không,Backlit Keyboard,Không,Không,Không,Không,Multi-touch touchpad,Lithium-ion,3 Cell,Không,48 W,Windows 10,64 bit,Home Single Language,Office 2019 Home & Student,360,ABS plastic,249,ABS plastic,19.9,ABS plastic,1.83,ABS plastic,Bản lề đôi,--,Y1N1T5,2021,Trung Quốc,12 Tháng,
Laptop Acer Nitro Gaming AN515-57-57MX i5 11400H/8GB/512GB SSD/RTX 3050Ti 4GB/Win10 (No.00772470),27499000,Intel,Core i5,11400H,6,12,2.60 GHz,4.40 GHz,12 MB Smart Cache,8 GT/s,8 GB,DDR4,3200 MHz,2,1,0,32 GB,"15.6""",LED,1920 x 1080 Pixel,144 Hz,--,IPS,Acer ComfyView LED-backlit,--,16:09,--,Có,3,2,2,Acer TrueHarmony,Không,Không,Có,Không,Không,Bàn phím cứng,Có,LED,LEG RGB 4 Zone,RGB 4 Zone,Multi-touch touchpad,Lithium-ion,4 Cell,Không,--,Windows 10,64 bit,Home,Không,363.4,Nhựa,255,Nhựa,23.9,Nhựa,2.2,Nhựa,Bản lề đôi,2 quạt với 3 ống đồng tản nhiệt,NH.QD9SV.002,2021,Trung Quốc,12 Tháng,
Laptop Asus Vivobook E210KA GJ031T N4500/4GB/128GB eMMC/Win10 (No.00768326),7799000,Intel,Celeron,N4500,2,2,1.10 GHz,2.80 GHz,4 MB L3 Cache,,4 GB,DDR4,2400 MHz,0,0,1,Không,"11.6""",LED,1366 x 768 Pixel,--,200 nits,TN,BrightView LED Backlit,45% NTSC,16:09,--,Không,1,0,1,ASUS SonicMaster stereo,Không,Không,Có,Không,Không,Chiclet Keyboard,Không,Không,Không,Không,Multi-touch touchpad,Lithium-ion,2 Cell,Không,33 W,Windows 10,64 bit,Home,Không,280.5,ABS plastic,189,ABS plastic,16.9,ABS plastic,1.1,ABS plastic,Bản lề đôi,1 quạt,90NB0U71-M00460,2021,Trung Quốc,24 Tháng,
Laptop Lenovo ThinkBook 15 G2 ITL i5 1135G7/8GB/512GB/15.6”FHD/MX450 2GB/Win 10 (No.00736655),22499000,Intel,Core i5,1135G7,4,8,2.40 GHz,4.20 GHz,8 MB Smart Cache,4 GT/s,8 GB,DDR4,3200 MHz,1,1,1,40 GB,"15.6""",LED,1920 x 1080 Pixel,60 Hz,250 nits,IPS,"IPS LCD LED Backlit, True Tone",45% NTSC,16:09,700:1,Không,1,1,2,Dolby Audio,Có,Không,Có,Không,Không,"6-row, multimedia Fn keys",Không,Không,Không,Không,2-button Mylar surface multi-touch touchpad,Lithium-Polymer,3 Cell,Không,45 W,Windows 10,64 bit,Home,Không,357,Nhôm,235,ABS plastic,19,ABS plastic,1.7,ABS plastic,--,--,20VE003YVN,2021,Trung Quốc,12 Tháng,
"Laptop HP Pavilion 15 eg0506TX i5 1135G7/ 8GB/512GB/15.6""FHD/MX 450 2GB/Win 11 (No.00776512)",20999000,Intel,Core i5,1135G7,4,8,2.40 GHz,4.20 GHz,8 MB L3 Cache,4 GT/s,8 GB,DDR4,3200 MHz,2,0,0,16 GB,"15.6""",LED,1920 x 1080 Pixel,60 Hz,250 nits,IPS,--,45% NTSC,16:09,--,Không,1,0,2,Realtek High Definition Audio,Không,Không,Có,Không,Không,Full-size,Có,Không,Không,Không,Multi-touch touchpad,Lithium-ion,3 Cell,Không,45 W,Windows 11,64 bit,Home Single Language,Không,360,Nhựa,234,Nhựa,17.9,Kim loại,1.726,Nhựa,Bản lề đôi,--,46M05PA,2021,Trung Quốc,12 Tháng,
"Laptop Dell Inspiron N3505 R3 3250U/8GB/256GB/15.6""FHD/Win 10+Office Home (No.00775629)",14999000,AMD,Ryzen 3,3250U,2,4,2.6 Ghz,3.50 GHz,4 MB Cache,2400 MHz,8 GB,--,3200 MHz,2,1,0,Không,"15.6""",LED,1920 x 1080 Pixel,60 Hz,--,TFT,Anti-glare WLED-backlit,--,16:09,1000:1,Không,1,0,2,Realtek High Definition Audio,Không,Không,Có,Không,Không,Backlit Keyboard,Không,Không,Không,Không,2-button Mylar surface multi-touch touchpad,Lithium-ion,3 Cell,Không,45 W,Windows 10,64 bit,Home Single Language,Office 2019 Home & Student,360,ABS plastic,240,ABS plastic,19.9,ABS plastic,1.81,ABS plastic,Bản lề đôi,1 quạt,Y1N1T3,2021,Trung Quốc,12 Tháng,
"Laptop Dell Inspiron N3511 i5 1135G7/4GB/512GB/15.6""FHD/Win 10+Office Home&Student (No.00775352)",19999000,Intel,Core i5,1135G7,4,8,2.40 GHz,4.20 GHz,8 MB Smart Cache,4 GT/s,4 GB,DDR4,2666 MHz,2,1,0,16 GB,"15.6""",LED,1920 x 1080 Pixel,60 Hz,220 nits,WVA,WVA Anti-glare LED Backlit Narrow Border,45% NTSC,16:09,400:1,Có,2,1,2,Realtek ALC3204,Không,Không,Có,Không,Không,QWERTY,Có,Không,Không,Không,Hỗ trợ cử chỉ đa cảm ứng,Lithium-Polymer,3 Cell,Không,65 W,Windows 10,64 bit,Home Single Language,Office 2019 Home & Student,358.5,Nhựa,258,Nhựa,18.9,Nhựa,1.73,Nhựa,Ergolift,Một quạt tản nhiệt với một ống đồng,P112F001,2021,Trung Quốc,12 Tháng,
"Laptop Dell Inspiron N7400 i5 1135G7/16GB/512GB/MX 350 2GB/14.5""IPS QHD/Win 10 (No.00774423)",30499000,Intel,Core i5,1135G7,4,8,2.40 GHz,4.20 GHz,8 MB Smart Cache,4 GT/s,16 GB,LPDDR4X,4267 MHz,0,0,2,Không,--,LED,2560 x 1600 Pixel,60 Hz,300 nits,IPS,--,100% sRGB,16:10,1000:1,Có,1,0,2,Realtek High Definition Audio,Có,Không,Có,Không,Không,English International Backlit Keyboard,Không,LED,Đơn sắc,White,--,Lithium-ion,4 Cell,Không,--,Windows 10,--,Home Single Language English,--,321.57,Nhựa,224.2,Nhựa,16.9,Nhựa,1.35,Nhựa,Bản lề đôi,1 quạt,N4I5134W,2021,Trung Quốc,12 Tháng,
Laptop Lenovo Yoga Slim 7 14ITL05 i5 1135G7/16GB/512GB/14”FHD/Win 10 (No.00736610),25199000,Intel,Core i5,1135G7,4,8,2.40 GHz,4.20 GHz,8 MB Smart Cache,4 GT/s,16 GB,DDR4,3200 MHz,0,0,1,Không,"14.0""",LED,1920 x 1080 Pixel,60 Hz,300 nits,IPS,"IPS LCD LED Backlit, True Tone",100% sRGB,16:09,--,Không,1,0,2,Dolby Audio,Có,Có,Có,Không,Không,"6-row, multimedia Fn keys",Không,LED,Đơn sắc,White,2-button Mylar surface multi-touch touchpad,Lithium-Polymer,4 Cell,Không,65 W,Windows 10,64 bit,Home,Không,320.5,Nhôm,208.5,Nhựa,14.9,Nhôm,1.36,Nhôm,--,--,82A30071VN,2021,Trung Quốc,24 Tháng,
"Laptop Dell Vostro V3400 i5 1135G7/8GB/256GB/14.0""FHD/NVIDIA MX 330 2GB/Win 10 (No.00775631)",20999000,Intel,Core i5,1135G7,4,8,2.40 GHz,4.20 GHz,8 MB Smart Cache,4 GT/s,8 GB,DDR4,3200 MHz,2,1,0,Không,"14.0""",LED,1920 x 1080 Pixel,60 Hz,--,TFT,Anti-glare WLED-backlit,--,16:09,1000:1,Không,1,0,2,Realtek High Definition Audio,Không,Không,Có,Không,Không,Backlit Keyboard,Không,Không,Không,Không,Multi-touch touchpad,Lithium-ion,3 Cell,Không,65 W,Windows 10,64 bit,Home Single Language,Không,328.7,ABS plastic,239.5,ABS plastic,199,ABS plastic,1.59,ABS plastic,Bản lề đôi,1 quạt,YX51W2,2021,Trung Quốc,12 Tháng,
"Laptop Dell XPS 13 9310 i5 1135G7/8GB/256GB/13.4""FHDTouch/Win 10 (No.00770616)",41999000,Intel,Core i5,1135G7,4,8,2.40 GHz,4.20 GHz,8 MB Smart Cache,4 GT/s,8 GB,LPDDR4,4266 MHz,0,0,1,8 GB,"13.4""",LED,1920 x 1080 Pixel,60 Hz,400 nits,WVA,LED-backlit,100% sRGB,16:10,800:1,Không,1,0,2,Realtek High Definition Audio,Có,Không,Có,Không,Không,Backlit Keyboard,Không,LED,Đơn sắc,White,Multi-touch touchpad,Lithium-ion,4 Cell,Không,45 W,Windows 10,64 bit,Home Single Language,Office 2019 Home & Student,296.9,Nhôm,208,Nhựa,14.7,Nhựa,1.32,Nhôm,Bản lề đôi,2 quạt,70260716,2021,Trung Quốc,12 Tháng,Có
Laptop Acer Swift X SFX14-41G-R61A R5 5600U/16GB/1TB SSD/RTX 3050 Ti 4GB/Win10 (No.00773507),29999000,AMD,Ryzen 5,5600U,6,12,2.30 GHz,4.20 GHz,16 MB Smart Cache,,16 GB,LPDDR4X,2666 MHz,0,0,1,16 GB,"14.0""",LED,1920 x 1080 Pixel,60 Hz,--,IPS,Acer ComfyView LED-backlit,--,--,--,Không,1,0,1,Acer TrueHarmony,Có,Không,Có,--,--,Backlit Chiclet Keyboard,Không,LED,Đơn sắc,White,--,Lithium-ion,4 Cell,Không,--,Windows 10,64 bit,Home,Không,322.8,Nhôm,212.2,Nhựa,17.9,Nhôm,1.39,Nhôm,--,1 quạt với 2 ống đồng tản nhiệt,NX.AU3SV.001,2021,Trung Quốc,12 Tháng,
"Laptop Dell Vostro V3500 i7 1165G7/8GB/512GB/15.6""FHD/MX330 2GB/Win 10 (No.00741323)",23999000,Intel,Core i7,1165G7,4,8,2.80 GHz,4.70 GHz,12 MB Smart Cache,4 GT/s,8 GB,DDR4,3200 MHz,2,1,0,16 GB,"15.6""",LED,1920 x 1080 Pixel,60 Hz,--,TFT,Anti-glare LED-backlit,45% NTSC,16:09,--,Có,1,0,1,Realtek High Definition Audio,Không,Không,Có,Không,Không,English International Non-backlit Keyboard,Có,Không,Không,Không,Hỗ trợ đa cử chỉ,Lithium-ion,3 Cell,Không,45 W,Windows 10,64 bit,--,Không,361.4,Nhựa,249,Nhựa,199,Nhựa,1.81,Nhựa,Bản lề đôi,1 quạt,7G3982,2021,Trung Quốc,12 Tháng,
"Laptop HP Envy 13 ba1537TU i5 1135G7/8GB/256GB/13.3""FHD/Win 10 (No.00773701)",22899000,Intel,Core i5,1135G7,4,8,2.40 GHz,4.20 GHz,8 MB Smart Cache,4 GT/s,8 GB,DDR4,3200 MHz,0,0,1,32 GB,"13.3""",LED,1920 x 1080 Pixel,60 Hz,400 nits,IPS,--,100% sRGB,16:09,--,Không,1,0,2,Realtek High Definition Audio,Có,Không,Có,Không,Không,Full-size,Không,LED,Đơn sắc,White,Multi-touch touchpad,Lithium-ion,3 Cell,Không,65 W,Windows 10,64 bit,Home Single Language,Không,306,Kim Loại,194.5,Kim loại,16.9,Kim loại,1.23,Kim loại,Bản lề đôi,--,4U6P0PA,2021,Trung Quốc,12 Tháng,
Laptop Asus Gaming Zephyrus GA401QEC-K2064T R9 5900HS/16GB/1TB SSD/RTX 3050Ti 4GB/Win10 (No.00772439),49999000,AMD,Ryzen 9,5900HX,8,16,3.0 GHz,4.60 GHz,--,,16 GB,DDR4,3200 MHz,1,0,1,24 GB,"14.0""",LED,2560 x 1440 Pixel,120 Hz,300 nits,IPS,Anti-glare LED-backlit,100% DCI-P3,16:09,1000:1,--,1,0,4,Dolby Audio,Không,Không,Có,Không,Không,Backlit Chiclet Keyboard,Không,LED,--,--,Multi-touch touchpad,Lithium-ion,4 Cell,Không,180 W,Windows 10,64 bit,Home Single Language,Không,324,--,222,--,19.5,--,1.7,--,Ergolift,--,90NR05R7-M02570,2021,Trung Quốc,24 Tháng,
"Laptop Avita Liber NS14A9-ABA R5 4500U/8GB/512GB/14""FHD/Win 10 (No.00769915)",17999000,AMD,Ryzen 5,4500U,6,6,2.30 GHz,4.00 GHz,8 MB L3 Cache,,8 GB,LPDDR4X,3200 MHz,0,0,1,8 GB,"14.0""",LED,1920 x 1080 Pixel,60 Hz,220 nits,IPS,--,45% NTSC,16:09,400:1,Không,1,0,2,Realtek High Definition Audio,Có,Không,Có,Không,Không,Backlit Keyboard,Không,LED,Đơn sắc,White,Multi-touch touchpad,Lithium-Polymer,--,Không,42 W,Windows 10,64 bit,Home,Không,--,Nhôm,--,Nhựa,--,Nhôm,1.3,Nhựa,Mở rộng đến 135 độ,1 quạt,NS14A9VNV561-ABA,2020,Trung Quốc,24 Tháng,
"Laptop HP Pavilion 14 dv0520TU i3 1125G4/4GB/256GB/14.0""FHD/Win 10 (No.00776504)",14999000,Intel,Core i3,1125G4,4,8,2.00 GHz,3.70 GHz,8 MB Smart Cache,4 GT/s,4 GB,DDR4,3200 MHz,2,1,0,16 GB,"14.0""",LED,1920 x 1080 Pixel,60 Hz,250 nits,IPS,IPS LCD,45% NTSC,16:09,--,--,1,0,2,Audio by B&O,Không,Không,Có,Không,Không,Full-size,Không,Không,--,Không,Multi-touch touchpad,Lithium-Polymer,3 Cell,Không,45 W,Windows 10,64 bit,Home Single Language,Không,325,Nhôm,216.6,Nhựa,17,Nhôm,1.41,Nhựa,Mở rộng đến 135 độ,--,46L92PA,2021,Trung Quốc,12 Tháng,
"Laptop HP Pavilion 15 eg0504TU i7 1165G7/8GB/512GB/15.6""FHD/Win 10 (No.00760891)",22999000,Intel,Core i7,1165G7,4,8,2.80 GHz,4.70 GHz,12 MB Smart Cache,4 GT/s,8 GB,DDR4,3200 MHz,2,0,0,16 GB,"15.6""",LED,1920 x 1080 Pixel,60 Hz,250 nits,IPS,Anti-glare WLED-backlit,45% NTSC,16:09,--,Không,1,0,2,Realtek High Definition Audio,Không,Không,Có,Không,Không,Full-size,Có,Không,Không,Không,Multi-touch touchpad,Lithium-ion,3 Cell,Không,45 W,Windows 10,64 bit,Home Single Language,Không,360,Nhựa,234,Nhựa,17.9,Nhôm,1.68,Nhựa,Bản lề đôi,--,46M00PA,2021,Trung Quốc,12 Tháng,
"Laptop HP 240 G8 i5 1135G7/8GB/512GB/14.0""FHD/Win 10 (No.00776511)",18499000,Intel,Core i5,1135G7,4,8,2.40 GHz,4.20 GHz,8 MB L3 Cache,4 GT/s,8 GB,DDR4,3200 MHz,2,1,0,16 GB,"14.0""",LED,1920 x 1080 Pixel,60 Hz,250 nits,IPS,--,45% NTSC,16:09,--,Không,1,0,2,Realtek High Definition Audio,Không,Không,Có,Không,Không,Full-size,Không,Không,Không,Không,Multi-touch touchpad,Lithium-ion,3 Cell,Không,45 W,Windows 10,64 bit,Home Single Language,Không,324,Nhựa,225,Nhựa,19.9,Nhựa,1.42,Nhựa,Bản lề đôi,--,518V7PA,2021,Trung Quốc,12 Tháng,
"Laptop Dell Gaming G3 15 i7 10750H/16GB/512GB/15.6""FHD/NV GTX1660Ti 6GB/Win 10 (No.00767204)",31999000,Intel,Core i7,10750H,6,12,2.60 GHz,5.00 GHz,12 MB Smart Cache,8 GT/s,16 GB,DDR4,2933 MHz,2,0,0,16 GB,"15.6""",LED,1920 x 1080 Pixel,120 Hz,250 nits,WVA,WVA Anti-glare LED Backlit Narrow Border,45% NTSC,16:09,800:1,Có,2,0,2,Realtek ALC3254 with Nahimic 3D Audio for Gamers,Có,Không,Có,Không,Không,QWERTY,Có,LED,LEG RGB 4 Zone,RGB,Hỗ trợ cử chỉ đa cảm ứng,Lithium-Polymer,4 Cell,Không,240 W,Windows 10,64 bit,Home Single Language,Không,364.46,Nhựa,254,Nhựa,32,Nhựa,2.58,Nhựa,Bản lề đơn,2 quạt,P89F002BWH,2021,Trung Quốc,12 Tháng,
"HP Pavilion 14 dv0534TU i7 1165G7/8G/512G SSD/Iris Xe Graphics/14""FHD/Win 11 (No.00774632)",22499000,Intel,Core i7,1165G7,4,8,2.80 GHz,4.70 GHz,12 MB Smart Cache,4 GT/s,8 GB,DDR4,3200 MHz,2,0,0,32 GB,"14.0""",LED,1920 x 1080 Pixel,60 Hz,250 nits,IPS,LED Backlit,--,--,--,--,--,0,2,Audio by B&O,Không,Không,Có,Không,Không,Full-size,Không,--,--,--,Hỗ trợ cử chỉ đa cảm ứng,Lithium-ion,3 Cell,Có,45 W,Windows 11,64 bit,Home Single Language,Không,--,Nhựa,--,Nhựa,--,Kim loại,1.766,Nhựa,--,1 quạt,4P5G3PA,2021,Trung Quốc,12 Tháng,
"Laptop MSI Summit E13 Flip Evo A11MT- 220VN i7 1185G7/16GB/1TB SSD/13.4""FHD/Win 10 (No.00764754)",39999000,Intel,Core i7,1185G7,4,8,3.00 GHz,4.80 GHz,12 MB Smart Cache,4 GT/s,16 GB,LPDDR4,2133 MHz,0,0,2,Không,"13.4""",LED,1920 x 1200 Pixel,60 Hz,500 nits,IPS,LED Backlit,100% sRGB,16:10,--,Không,1,0,2,HD Audio,Có,Có,Có,Không,Không,Backlit Keyboard,Không,LED,Đơn sắc,White,Hỗ trợ đa cử chỉ,Lithium-Polymer,4 Cell,Không,65 W,Windows 10,64 bit,Home,MSI Center for Business & Productivity,300.2,Kim Loại,222.25,Kim loại,14.9,Kim loại,1.35,Kim loại,Bản lề đôi mở 360 độ,Cooler Boost,220VN,2021,Trung Quốc,24 Tháng,Có
"Laptop MSI Modern 14 B11MOU 460VN i7 1165G7/8GB/512GB/14""FHD/Win 10 (No.00772098)",21999000,Intel,Core i7,1195G7,4,8,2.90 GHz,5.00 GHz,12 MB Smart Cache,4 GT/s,8 GB,DDR4,3200 MHz,2,1,0,64 GB,"14.0""",LED,1920 x 1080 Pixel,60 Hz,300 nits,IPS,"IPS LCD LED Backlit, True Tone",72% NTSC,16:09,--,Không,1,0,2,HD Audio,Không,Không,Có,Không,Không,Backlit Keyboard,Không,LED,Đơn sắc,White,Multi-touch touchpad,Lithium-Polymer,3 Cell,Không,65 W,Windows 10,64 bit,Home Single Language,Không,319,Kim Loại,219,Nhựa,16.9,Kim loại,1.3,Kim loại,Bản lề mở 180 độ,1 quạt,460VN,2021,Trung Quốc,12 Tháng,
"Laptop Acer Aspire 3 A315 56 37DV i3 1005G1/4GB/256GB/15.6""FHD/Win 10 (No.00679154)",12199000,Intel,Core i3,1005G1,2,4,1.20 GHz,3.40 GHz,4 MB Smart Cache,4 GT/s,4 GB,DDR4,2400 MHz,2,1,--,12 GB,"15.6""",LED,1920 x 1080 Pixel,60 Hz,--,--,LED-backlit,--,--,--,Có,2,1,2,Acer TrueHarmony,Không,Không,Không,Không,Không,--,Có,Không,Không,Không,--,Lithium-ion,2 Cell,Không,--,Windows 10,64 bit,Home,Không,--,Nhựa,--,Nhựa,--,Nhựa,1.7,Nhựa,--,--,NX.HS5SV.001,2020,Trung Quốc,12 Tháng,
Laptop Lenovo ThinkPad X1 Carbon 9 i7 1165G7/ 16GB/512GB/14” WUXGA/Win 10 Pro (No.00774629),50999000,Intel,Core i7,1165G7,4,8,2.80 GHz,4.70 GHz,12 MB Smart Cache,4 GT/s,16 GB,LPDDR3,4266 MHz,0,0,1,Không,"14.0""",LED,1920 x 1200 Pixel,60 Hz,400 nits,IPS,WVA Anti-glare LED Backlit Narrow Border,100% sRGB,16:10,1000:1,--,1,0,2,Dolby Audio,Có,Có,Có,Không,Không,"6-row, multimedia Fn keys",Không,LED,Đơn sắc,White,--,Lithium-Polymer,4 Cell,Không,--,Windows 10,64 bit,Pro,Lenovo Vantage,319,--,216,--,14.9,--,1.13,--,--,1 quạt,20XW009VVN,2021,Trung Quốc,36 Tháng,
Laptop Acer Nitro Gaming AN515 57 74NU i7 11800H/8GB/512GB SSD/RTX 3050Ti 4GB/Win10 (No.00762456),29999000,Intel,Core i7,11800H,8,16,2.30 GHz,4.60 GHz,24 MB Smart Cache,8 GT/s,8 GB,DDR4,3200 MHz,2,1,0,32 GB,"15.6""",LED,1920 x 1080 Pixel,144 Hz,--,IPS,LED-backlit,--,16:09,--,Có,3,2,2,Acer TrueHarmony,Không,Không,Có,--,Không,--,Có,LED,SRGB,--,Multi-touch touchpad,Lithium-ion,4 Cell,Không,--,Windows 10,64 bit,Home,Không,363.4,Nhựa,255,Nhựa,23.9,Nhựa,2.2,Nhựa,--,2 quạt,NH.QD9SV.001,2021,Trung Quốc,12 Tháng,
"MacBook Pro 16"" 2021 M1 Pro 512GB (No.00777781)",65990000,Apple,M1 Pro,--,10,16,--,--,--,,16 GB,--,--,0,0,1,32 GB,"16.2""",LED,3456 x 2234 Pixel,--,--,--,--,96% sRGB,--,--,Không,--,--,6,--,Có,Không,Có,Không,Không,English-International Backlit Keyboard,Không,LED,Đơn sắc,White,Hỗ trợ đa cử chỉ,Lithium-Polymer,--,Không,--,Mac OS,--,--,Các ứng dụng mặc định có sẵn của Mac OS,--,Nhôm,--,Nhựa,--,Nhôm,2.129,Nhôm,--,--,MK183SA/A,2021,Trung Quốc,12 Tháng,
"Laptop HP 14s fq1080AU R3 5300U/4GB/256GB/14""HD/Win 10 (No.00773295)",11499000,AMD,Ryzen 3,5300U,4,8,2.6 Ghz,3.80 GHz,4 MB Cache,,4 GB,DDR4,3200 MHz,0,0,1,Không,"14.0""",LED,1366 x 768 Pixel,--,250 nits,SVA,--,45% NTSC,--,--,Không,1,0,1,--,Không,Không,Có,Không,Không,--,Không,Không,--,Không,--,--,3 Cell,Không,45 W,Windows 10,64 bit,Home,Không,324,--,225,--,17.9,--,1.47,--,--,--,4K0Z7PA,2021,Trung Quốc,12 Tháng,
"Laptop HP Gaming OMEN 16 b0141TX i5 11400H/16GB/1TB SSD + 32GB/RTX 3060 6GB/16.1""FHD/Win 10 (No.00773272)",43999000,Intel,Core i5,11400H,6,12,2.70 GHz,4.50 GHz,12 MB Smart Cache,8 GT/s,16 GB,DDR4,2933 MHz,2,0,0,32 GB,"16.1""",LED,1920 x 1080 Pixel,144 Hz,300 nits,IPS,IPS LCD,100% sRGB,16:09,--,Không,2,1,2,Audio by B&O,Không,Không,Có,Không,Không,Full-size,Có,LED,LEG RGB 4 Zone,RGB,Hỗ trợ cử chỉ đa cảm ứng,Lithium-Polymer,6 Cell,Không,200 W,Windows 10,64 bit,Home,Không,369,--,262,--,23.5,--,2.3,--,--,2 quạt,4Y0Z7PA,2021,Trung Quốc,12 Tháng,
"Laptop Lenovo ThinkBook 14 G3 ACL R7 5700U/8GB/512GB/14""FHD/Win 10 (No.00774628)",21499000,AMD,Ryzen 7,5700U,8,16,1.80 GHz,4.30 GHz,8 MB Smart Cache,,8 GB,DDR4,3200 MHz,1,1,1,40 GB,"14.0""",LED,1920 x 1080 Pixel,60 Hz,300 nits,IPS,"IPS LCD LED Backlit, True Tone",45% NTSC,16:09,700:1,Không,2,1,2,Dolby Audio,Có,Không,Có,Không,Không,"6-row, multimedia Fn keys",Không,Không,Không,Không,2-button Mylar surface multi-touch touchpad,Lithium-Polymer,3 Cell,Không,45 W,Windows 10,64 bit,Home,Lenovo Vantage,323,Nhôm,217.5,ABS plastic,17.9,Nhôm,1.4,Nhôm,Bản lề đơn,1 quạt,21A2004BVN,2021,Trung Quốc,12 Tháng,
Laptop Acer Predator Helios Gaming PH315-54-78W5 i7 11800H/8GB/512GB SSD/RTX 3050Ti 4GB/Win10 (No.00773697),33999000,Intel,Core i7,11800H,8,16,2.30 GHz,4.60 GHz,24 MB Smart Cache,8 GT/s,8 GB,DDR4,3200 MHz,2,1,0,32 GB,"15.6""",LED,1920 x 1080 Pixel,144 Hz,--,IPS,LED-backlit,--,--,--,--,2,1,2,Acer TrueHarmony,Không,Không,Có,--,Không,Chiclet Keyboard,Có,LED,LED RGB 4 Zone,RGB 4 Zone,Hỗ trợ cử chỉ đa cảm ứng,Lithium-ion,4 Cell,Không,59 W,Windows 10,64 bit,Home,Không,363,Kim Loại,255,Nhựa,22.9,Nhựa,2.3,Nhựa,Bản lề đôi,Quạt Aero Blade 3D thế hệ thứ 5,NH.QC5SV.001,2021,Trung Quốc,12 Tháng,
Laptop Acer Aspire 3 A315 56 502X i5 (1035G1 4GB/256GB/15.6FHD/Win 10) (No.00745025),13999000,Intel,Core i5,1035G1,4,8,1.00 GHz,3.60 GHz,6 MB Smart Cache,2400 MHz,4 GB,DDR4,2400 MHz,1,1,1,12 GB,"15.6""",LED,1920 x 1080 Pixel,60 Hz,200 nits,IPS,Acer ComfyView LED-backlit,100% DCI-P3,16:09,1000:1,Có,1,1,1,--,Không,Không,Có,Không,Không,Bàn phím cứng,Có,Không,Không,Không,Hỗ trợ đa cử chỉ,--,2 Cell,Không,120 W,Windows 10,64 bit,Home,Không,363.4,Vỏ nhựa,248,Nhựa,19.89 ~ 19.90,Nhựa,1.7,Nhựa,Bản lề đôi,1 quạt,NX.HS5SV.00F,2021,Trung Quốc,12 Tháng,
Laptop Acer Nitro Gaming AN515 57 74RD i7 11800H/8GB/512GB SSD/Nvidia RTX 3050 4GB/Win10 (No.00762455),27999000,Intel,Core i7,11800H,8,16,2.30 GHz,4.60 GHz,24 MB Smart Cache,8 GT/s,8 GB,DDR4,3200 MHz,2,1,0,32 GB,"15.6""",LED,1920 x 1080 Pixel,144 Hz,255 - 260 nits,IPS,LED-backlit,45% NTSC,16:09,--,Có,3,2,2,Acer TrueHarmony,Không,Không,Có,Không,Không,--,Có,LED,SRGB,--,Multi-touch touchpad,Lithium-ion,4 Cell,Không,--,Windows 10,64 bit,Home,Không,363.4,Nhựa,255,Nhựa,23.9,Nhựa,2.2,Nhựa,--,2 quạt,NH.QD8SV.001,2021,Trung Quốc,12 Tháng,
Laptop Asus Gaming TUF FA506QM-HN016T R7 5800H/ 16GB/512GB SSD/RTX3060 6GB/Win10 (No.00776522),32999000,AMD,Ryzen 7,5800H,8,16,3.20 GHz,4.40 GHz,16 MB Smart Cache,,16 GB,DDR4,3200 MHz,2,0,0,32 GB,"15.6""",LED,1920 x 1080 Pixel,144 Hz,250 nits,IPS,Anti-glare LED-backlit,45% NTSC,16:09,1000:1,Không,2,1,2,ASUS SonicMaster stereo,Không,Không,Có,Không,Không,Backlit Chiclet Keyboard,Có,LED,SRGB,--,Multi-touch touchpad,Lithium-ion,4 Cell,Không,90 W,Windows 10,64 bit,Home,Không,359,Kim Loại,256,Nhựa,24.4,Nhựa,2.39,Nhựa,--,--,90NR0606-M03570,2021,Trung Quốc,24 Tháng,Có
"Laptop Dell XPS 13 9310 i7 1165G7/16GB/512GB/13.4""UHD Touch/Bút/Win 10 (No.00772776)",59999000,Intel,Core i7,1165G7,4,8,2.80 GHz,4.70 GHz,12 MB Smart Cache,4 GT/s,16 GB,LPDDR4,4267 MHz,0,0,1,Không,"13.4""",LED,3840 x 2160 Pixel,60 Hz,300 nits,IPS,Anti-glare LED Backlit Ultra Slim,100% sRGB,16:10,--,--,1,0,2,Realtek High Definition Audio,Có,Có,Có,Không,Không,Backlit Keyboard,Không,LED,Đơn sắc,White,Multi-touch touchpad,Lithium-Polymer,4 Cell,Không,45 W,Windows 10,64 bit,Home Single Language,Office 2019 Home & Student,296.9,Hợp kim Magie và nhôm,206.4,Nhôm,14.7,Hợp kim Magie và nhôm,1.32,Nhôm,Bản lề đôi mở 360 độ,Cooler Boost,JGNH62,2021,Trung Quốc,1 đổi 1 12 Tháng,Có
Laptop Acer Triton Gaming PT315-53-71DJ i7 11800H/16GB/512GB SSD/RTX 3070 8GB/Win10 (No.00774531),50999000,Intel,Core i7,11800H,8,16,2.30 GHz,4.60 GHz,24 MB Smart Cache,8 GT/s,16 GB,DDR4,3200 MHz,2,0,0,32 GB,"15.6""",LED,2560 x 1440 Pixel,165 Hz,300 nits,IPS,Acer ComfyView LED-backlit,--,--,--,Có,2,0,2,Acer TrueHarmony,Không,Không,Có,Không,Không,Bàn phím cứng,Có,LED,LED RGB 4 Zone,RGB 4 Zone,Multi-touch touchpad,Lithium-ion,4 Cell,Không,--,Windows 10,64 bit,Home,Không,350.72,Nhôm,255,Nhựa,19.9,Nhôm,2.0,Nhôm,--,2 quạt,NH.QDSSV.001,2021,Trung Quốc,12 Tháng,
Laptop Acer Triton Gaming PT315-53-75LQ i7 11800H/ 16GB/512GB SSD/RTX3060 6G/Win10 (No.00773092),44990000,Intel,Core i7,11800H,8,16,2.30 GHz,4.60 GHz,24 MB Smart Cache,8 GT/s,16 GB,DDR4,3200 MHz,2,0,0,32 GB,"15.6""",LED,2560 x 1440 Pixel,165 Hz,300 nits,IPS,Acer ComfyView LED-backlit,--,--,--,Có,2,0,2,Acer TrueHarmony,Không,Không,Có,Không,Không,Bàn phím cứng,Có,LED,LEG RGB 4 Zone,RGB 4 Zone,Multi-touch touchpad,Lithium-ion,4 Cell,Không,--,Windows 10,64 bit,Home,Không,350.72,Nhôm,255,Nhựa,19.9,Nhôm,2.0,Nhôm,--,2 quạt,NH.QDQSV.001,2021,Trung Quốc,12 Tháng,
"Dell Inspiron N3501B i5 1135G7/4GB/512GB/15.6""FHD/Win 10 (No.00752177)",18999000,Intel,Core i5,1135G7,4,8,2.40 GHz,4.20 GHz,8 MB Smart Cache,4 GT/s,4 GB,DDR4,2666 MHz,2,1,0,16 GB,"15.6""",LED,1920 x 1080 Pixel,60 Hz,220 nits,WVA,LED Backlit,45% NTSC,16:09,400:1,--,--,--,--,--,Không,Không,Có,Không,Không,QWERTY,Có,--,--,Không,Hỗ trợ cử chỉ đa cảm ứng,Lithium-Polymer,3 Cell,Không,45 W,Windows 10,64 bit,Home Single Language,Không,363.96,Nhựa,249,Nhựa,19.9,Nhựa,1.96,Nhựa,--,--,P90F005,2021,Trung Quốc,12 Tháng,
"Laptop Dell Vostro V3500 i5 1135G7/8GB/512GB/15.6""FHD/NV MX330 2GB_Win 10+Office Home&Student (No.00775353)",21499000,Intel,Core i5,1135G7,4,8,2.40 GHz,4.20 GHz,8 MB Smart Cache,4 GT/s,8 GB,DDR4,3200 MHz,2,1,0,16 GB,"15.6""",LED,1920 x 1080 Pixel,60 Hz,220 nits,WVA,WVA Anti-glare LED Backlit Narrow Border,45% NTSC,16:09,400:1,Không,2,1,2,Realtek ALC3204,Không,Không,Có,Không,Không,QWERTY,Có,Không,Không,Không,Hỗ trợ cử chỉ đa cảm ứng,Lithium-Polymer,3 Cell,Không,65 W,Windows 10,64 bit,Home Single Language,Office 2019 Home & Student,363.96,Nhựa,249,Nhựa,19.9,Nhựa,1.97,Nhựa,Mở rộng đến 135 độ,Một quạt tản nhiệt với một ống đồng,P90F006,2020,Trung Quốc,12 Tháng,
Laptop Lenovo ThinkPad X1 Nano i5 1130G7/16GB/512GB/13”2K 450N SRGB/Win 10 (No.00756318),49999000,Intel,Core i5,1130G7,4,8,1.80 GHz,4.00 GHz,8 MB Smart Cache,,16 GB,LPDDR4X,4266 MHz,0,0,2,Không,"13.0""",LED,--,60 Hz,--,IPS,Anti-glare LED-backlit,100% sRGB,16:10,1000:1,Không,1,0,2,Dolby Audio,Có,Có,Không,Không,Không,"6-row, multimedia Fn keys",Không,LED,Đơn sắc,White,2-button Mylar surface multi-touch touchpad,--,3 Cell,Không,48 W,Windows 10,64 bit,Pro,Không,290,--,167,--,25,--,0.92,--,Bản lề đôi,--,20UN007HVN,2021,Trung Quốc,36 Tháng,
"Laptop Asus FLow Gaming GV301QC-K6052T R9 5900HS/16GB/512GB SSD/13.4""Touch/RTX 3050 4GB/Win10 (No.00772281)",39999000,AMD,Ryzen 9,5900HX,8,16,3.30 GHz,4.60 GHz,16 MB Smart Cache,,16 GB,LPDDR4X,3200 MHz,0,0,2,Không,"13.4""",LED,1920 x 1200 Pixel,120 Hz,300 nits,IPS,--,72% NTSC,16:10,1000:1,--,2,1,2,Dolby Audio,Có,Không,Có,Không,Không,Backlit Chiclet Keyboard,Không,LED,--,--,--,Lithium-ion,4 Cell,Không,--,Windows 10,64 bit,Home,Không,290,Hợp kim Magie và nhôm,228,Kính,15.9,Hợp kim Magie và nhôm,1.3,Nhôm,Mở rộng 360 độ,2 quạt với 3 ống đồng tản nhiệt,GV301QC-K6052T,2021,Trung Quốc,24 Tháng,Có
"Laptop Fujitsu CH 9C13A1 i5 1135G7/8GB/512GB/13.3""FHD/Win 10 (No.00773584)",23999000,Intel,Core i5,1135G7,4,8,2.40 GHz,4.20 GHz,8 MB L3 Cache,4 GT/s,8 GB,LPDDR4X,4266 MHz,1,1,1,16 GB,"13.3""",LED,1920 x 1080 Pixel,--,400 nits,--,Anti-glare LED-backlit,--,16:09,--,--,1,0,2,Stereo speakers with high dynamic range,Không,Có,Có,Không,Không,Backlit Keyboard,Không,Không,Không,Không,Hỗ trợ đa cử chỉ,Lithium-ion,2 Cell,Không,30 W,Windows 10,64 bit,Home,--,307,Kim Loại,208,Nhựa,15.9,Kim loại,0.995,Kim loại,Bản lề đơn,2 quạt,4ZR1C39165,2021,Trung Quốc,24 Tháng,
Laptop Asus Vivobook A515EP-BQ196T i7 1165G7/8GB/512GB SSD/ MX330 2GB/Win10 (No.00773094),23499000,Intel,Core i7,1165G7,4,8,2.80 GHz,4.70 GHz,12 MB Smart Cache,4 GT/s,8 GB,DDR4,3200 MHz,1,1,1,24 GB,"15.6""",LED,1920 x 1080 Pixel,60 Hz,250 nits,IPS,Anti-glare LED-backlit,45% NTSC,16:09,--,Có,2,1,2,ASUS SonicMaster stereo,Có,Không,Có,Không,Không,Chiclet Keyboard,Có,Không,Không,Không,Hỗ trợ cử chỉ đa cảm ứng,Lithium-ion,3 Cell,Không,65 W,Windows 10,64 bit,Home Single Language,Không,359,Kim Loại,235,Nhựa,17.9,Nhựa,1.8,Nhựa,Ergolift,1 quạt,A515EP-BQ196T,2021,Trung Quốc,24 Tháng,
"Laptop Asus Zenbook Flip UX363EA-HP130T i5 1135G7/8GB/512GB SSD/13.3"" OLED FHD/Win10 (No.00732187)",27999000,Intel,Core i5,1135G7,4,8,2.40 GHz,4.20 GHz,8 MB Smart Cache,,8 GB,LPDDR4X,4266 MHz,0,0,1,Không,"13.3""",LED,1920 x 1080 Pixel,60 Hz,400 nits,OLED,LED-backlit,100% DCI-P3,16:09,--,Không,--,0,2,ASUS SonicMaster stereo,Không,Có,Có,Không,Không,Backlit Chiclet Keyboard,Không,LED,Đơn sắc,White,Hỗ trợ cử chỉ đa cảm ứng,Lithium-ion,4 Cell,Không,65 W,Windows 10,64 bit,Home Single Language,Không,305.2,Nhôm,210.6,Nhôm,10.89 ~ 10.89,Nhôm,1.3,Nhôm,Bản lề đôi,1 quạt,90NB0RZ1-M02100,2020,Trung Quốc,24 Tháng,Có
Laptop MSI Prestige 15 A11SC 037VN i7 1185G7/16GB/512GB/15.6FHD/GTX 1650 Max-Q 4GB/Win 10 (No.00774425),34999000,Intel,Core i7,1185G7,4,8,3.00 GHz,4.80 GHz,12 MB Smart Cache,4 GT/s,16 GB,DDR4,3200 MHz,2,0,0,64 GB,"15.6""",LED,1920 x 1080 Pixel,60 Hz,300 nits,IPS,IPS LCD,72% NTSC,16:09,--,Không,2,1,1,Realtek High Definition Audio,Không,Không,Có,Không,Không,Backlit Keyboard,Không,LED,Đơn sắc,White,Multi-touch touchpad,Lithium-Polymer,4 Cell,Không,90 W,Windows 10,64 bit,Home Single Language,Không,356.8,Kim Loại,233.7,Kim loại,16.9,Kim loại,1.693,Kim loại,Bản lề đôi,2 quạt,037VN,2021,Trung Quốc,24 Tháng,
"Laptop Lenovo IdeaPad 5 Pro 14ITL6 i7 1165G7/16GB/512GB/14"" 2.2K/MX 450 2GB/Win 10 (No.00772055)",28699000,Intel,Core i7,1165G7,4,8,2.80 GHz,4.70 GHz,12 MB Smart Cache,4 GT/s,16 GB,DDR4,3200 MHz,0,0,2,Không,"14.0""",LED,--,60 Hz,300 nits,IPS,"IPS LCD LED Backlit, True Tone",100% sRGB,16:09,--,Không,1,0,2,Dolby Audio,Không,Có,Có,Không,Không,"6-row, multimedia Fn keys",Không,LED,Đơn sắc,White,2-button Mylar surface multi-touch touchpad,Lithium-Polymer,3 Cell,Không,--,Windows 10,64 bit,Home,Không,308,Nhôm,221.7,Nhựa,15.9,Nhôm,1.41,Nhôm,Bản lề đơn,--,82L3005FVN,2021,Trung Quốc,24 Tháng,
"MacBook Pro 13"" 2020 Touch Bar M1 256GB (No.00725100)",34499000,Apple,M1,--,8,8,--,--,--,,8 GB,LPDDR4,--,0,0,1,16 GB,"13.3""",LED,2560 x 1600 Pixel,--,--,IPS,"IPS LCD LED Backlit, True Tone",99% sRGB,16:10,--,Không,--,--,2,Stereo speakers with high dynamic range,Có,Không,Có,Không,Không,English-International Backlit Keyboard,Không,LED,Đơn sắc,White,Hỗ trợ đa cử chỉ,Lithium-Polymer,--,Không,--,Mac OS,--,--,Các ứng dụng mặc định có sẵn của Mac OS,304.1,Nhôm,212.4,Nhựa,15.6,Nhôm,1.4,Nhôm,--,--,MYDA2SA/A,2020,Trung Quốc,12 Tháng,
"Laptop MSI Gaming Alpha 15 B5EEK 036VN R7 5800H/16GB/512GB/RX6600M 8GB/15.6""FHD/Win 10 (No.00773093)",36999000,AMD,Ryzen 7,5800H,8,16,3.20 GHz,4.40 GHz,--,,16 GB,DDR4,3200 MHz,2,0,0,64 GB,"15.6""",LED,1920 x 1080 Pixel,144 Hz,300 nits,IPS,"IPS LCD LED Backlit, True Tone",72% NTSC,16:09,--,Không,2,1,2,HD Audio,Không,Không,Có,Không,Không,Backlit Keyboard,Có,LED,LED RGB 1 Zone,RGB,--,Lithium-Polymer,4 Cell,Không,180 W,Windows 10,64 bit,Home Single Language,Không,359,Kim Loại,259,Nhựa,23.9,Nhựa,2.35,Nhựa,Bản lề đôi,--,036VN,2021,Trung Quốc,12 Tháng,
Laptop Asus Zenbook UX325EA KG363T i5 1135G7/8GB/512GB SSD/13.3 OLED/Win10 (No.00769331),24299000,Intel,Core i5,1135G7,4,8,2.40 GHz,4.20 GHz,8 MB Smart Cache,4 GT/s,8 GB,LPDDR4X,3200 MHz,0,0,1,Không,"13.3""",LED,1920 x 1080 Pixel,60 Hz,400 nits,OLED,OLED,100% DCI-P3,16:09,--,--,1,0,2,Harman Kardon speakers,Không,Có,Có,Không,Không,Backlit Keyboard,Không,LED,--,--,--,Lithium-Polymer,4 Cell,Không,65 W,Windows 10,64 bit,Home,Không,304.1,Nhôm,203.19,Nhôm,13.9,Nhôm,1.1,Nhôm,Ergolift,--,UX325EA-KG363T,2021,Trung Quốc,24 Tháng,
HP Envy x360 13 ay0069AU R7 4700U/8GB/256GB/13.3FHDTouch/Win 10+Office Home&Student (No.00706730),27199000,AMD,Ryzen™ 7,4700U,8,8,2.00 GHz,4.20 GHz,4 MB Cache,,8 GB,DDR4,3200 MHz,0,0,1,Không,"13.3""",LED,1920 x 1080 Pixels,60 Hz,300 nits,IPS,FHD Touch,72% NTSC,16:09,--,Không,1,0,--,--,Có,Không,Có,Không,Không,QWERTY,Không,Không,Không,Không,Multi-touch touchpad,"Lithium-Polymer, Liền",3 Cell,Không,65 W,Windows 10 Home,--,--,Office Home & Student,306.5,Nhôm,194.6,Kính,16.4,Nhôm,1.32kg,Nhôm,Hinge,--,171N3PA,2020,Trung Quốc,12 Tháng,Có
"Laptop HP Pavilion 15 eg0540TU i5 1135G7/8GB/256GB/15.6""FHD/Win 10 (No.00768697)",17999000,Intel,Core i5,1135G7,4,8,2.40 GHz,4.20 GHz,8 MB L3 Cache,4 GT/s,8 GB,DDR4,3200 MHz,2,0,0,16 GB,"15.6""",LED,1920 x 1080 Pixel,60 Hz,250 nits,IPS,--,45% NTSC,16:09,--,Không,1,0,2,Realtek High Definition Audio,Không,Không,Có,Không,Không,Full-size,Có,Không,Không,Không,Multi-touch touchpad,Lithium-ion,3 Cell,Không,45 W,Windows 10,64 bit,Home Single Language,Không,360,Nhựa,234,Nhựa,17.9,Nhựa,1.68,Nhựa,Bản lề đôi,--,4P5G7PA,2021,Trung Quốc,12 Tháng,
Laptop Acer Nitro Gaming AN515 57 5831 i5 11400H/8GB/512GB SSD/RTX 3060 6GB/Win10 (No.00762457),32999000,Intel,Core i5,11400H,6,12,2.60 GHz,4.40 GHz,12 MB Smart Cache,8 GT/s,8 GB,DDR4,3200 MHz,2,1,0,32 GB,"15.6""",LED,1920 x 1080 Pixel,144 Hz,--,IPS,Acer ComfyView LED-backlit,--,16:09,--,Có,3,2,2,Acer TrueHarmony,Không,Không,Có,Không,Không,Bàn phím cứng,Có,LED,LEG RGB 4 Zone,RGB 4 Zone,Multi-touch touchpad,Lithium-ion,4 Cell,Không,--,Windows 10,64 bit,Home,Không,363.4,Nhựa,255,Nhựa,23.9,Nhựa,2.2,Nhựa,Bản lề đôi,2 quạt với 3 ống đồng tản nhiệt,NH.QDGSV.003,2021,Trung Quốc,12 Tháng,
Laptop Lenovo Yoga Slim 7 14ITL05 i7 1165G7/16GB/512GB/14”FHD/Win 10 (No.00736611),29199000,Intel,Core i7,1165G7,4,8,2.80 GHz,4.70 GHz,12 MB Smart Cache,4 GT/s,16 GB,DDR4,3200 MHz,0,0,2,Không,"14.0""",LED,1920 x 1080 Pixel,60 Hz,300 nits,IPS,"IPS LCD LED Backlit, True Tone",100% sRGB,16:09,--,Không,1,0,2,Dolby Audio,Có,Có,Có,Không,Không,"6-row, multimedia Fn keys",Không,LED,Đơn sắc,White,2-button Mylar surface multi-touch touchpad,Lithium-Polymer,4 Cell,Không,65 W,Windows 10,64 bit,Home,Không,320.5,Nhôm,208.5,Nhựa,14.9,Nhôm,1.36,Nhôm,--,--,82A30075VN,2021,Trung Quốc,24 Tháng,
Laptop Dell Inspiron N3511 i3 1115G4/4GB/256GB/15.6FHD/Win 10+Office Home&Student (No.00775351),15299000,Intel,Core i3,1115G4,2,4,3.0 GHz,4.10 GHz,6 MB Smart Cache,4 GT/s,4 GB,DDR4,2666 MHz,2,1,0,16 GB,"15.6""",LED,1920 x 1080 Pixel,60 Hz,220 nits,WVA,WVA Anti-glare LED Backlit Narrow Border,45% NTSC,16:09,400:1,Có,2,1,2,Realtek ALC3204,Không,Không,Có,Không,Không,QWERTY,Có,Không,Không,Không,Hỗ trợ cử chỉ đa cảm ứng,Lithium-Polymer,3 Cell,Không,65 W,Windows 10,64 bit,Home Single Language,Office 2019 Home & Student,358.5,Nhựa,258,Nhựa,18.9,Nhựa,1.73,Nhựa,Ergolift,Một quạt tản nhiệt với một ống đồng,P112F001,2021,Trung Quốc,12 Tháng,
Laptop HP Pavilion Gaming 15 dk1159TX i7 10750H/8GB/512GB+32GB/1650Ti 4GB/Win 10 (No.00750390),27990000,Intel,Core i7,10750H,6,12,2.60 GHz,5.00 GHz,12 MB Smart Cache,8 GT/s,8 GB,DDR4,2933 MHz,2,1,0,32 GB,"15.6""",LED,1920 x 1080 Pixel,60 Hz,250 nits,IPS,LED-backlit,45% NTSC,16:09,--,Có,2,1,2,Audio by B&O,Không,Không,Có,Không,Không,Full-size,Có,LED,Đơn sắc,Xanh axit,Hỗ trợ cử chỉ đa cảm ứng,Lithium-Polymer,3 Cell,Không,150 W,Windows 10,64 bit,Home Single Language,Không,360,Nhựa,256,Nhựa,23.4,Nhựa,2.23,Nhựa,Bản lề đôi,2 quạt,31J36PA,2021,Trung Quốc,12 Tháng,
"Laptop HP Spectre x360 13-aw2101TU i7 1165G7/16GB/1TB SSD+32GB/13.3""UHDT/Win 10+OfficeHome&Student (No.00750389)",49999000,Intel,Core i7,1165G7,4,8,2.80 GHz,4.70 GHz,12 MB Smart Cache,4 GT/s,16 GB,LPDDR4,3200 MHz,0,0,2,16 GB,"13.3""",LED,3840 x 2160 Pixel,60 Hz,400 nits,OLED,OLED,100% DCI-P3,16:09,--,Có,1,0,2,Audio by B&O,Không,Có,Có,Không,Không,Full-size,Không,LED,Đơn sắc,White,Hỗ trợ cử chỉ đa cảm ứng,Lithium-Polymer,4 Cell,Không,65 W,Windows 10,64 bit,Home Single Language,Office 2019 Home & Student,306.7,Nhôm,194.5,Kính,16.9,Nhôm,1.27,Nhôm,Bản lề đôi mở 360 độ,2 quạt,2K0B8PA,2021,Trung Quốc,12 Tháng,Có
Laptop Acer Predator Gaming PH315 54 78W5 i7 11800H/8GB/512GB SSD/RTX 3050Ti 4GB/Win10 (No.00768727),33999000,Intel,Core i7,11800H,8,16,2.40 GHz,4.60 GHz,24 MB Smart Cache,8 GT/s,8 GB,DDR4,3200 MHz,2,1,0,32 GB,"15.6""",LED,1920 x 1080 Pixel,144 Hz,--,IPS,Acer ComfyView Anti-glare LED-backlit,--,16:09,--,--,3,2,--,Acer TrueHarmony,Không,Không,Có,--,Không,Backlit Chiclet Keyboard,Có,LED,--,--,Multi-touch touchpad,Lithium-ion,4 Cell,Không,--,Windows 10,64 bit,Home,Không,--,Nhôm,--,Nhựa,--,Nhôm,2.3,Nhựa,--,--,NH.QC5SV.001,2021,Trung Quốc,12 Tháng,
"Laptop HP Envy 13 ba1030TU i7 1165G7/8GB/512GB/13.3""FHD/Win 10 (No.00720806)",30699000,Intel,Core i7,1165G7,4,8,2.80 GHz,4.70 GHz,12 MB Smart Cache,4 GT/s,8 GB,LPDDR4,3200 MHz,0,0,1,--,"13.3""",LED,1920 x 1080 Pixel,60 Hz,--,IPS,BrightView Micro-edge WLED-backlit,72% NTSC,16:09,--,--,1,0,2,Audio by B&O,Có,Không,Có,Không,Không,Backlit Chiclet Keyboard,Không,LED,Đơn sắc,White,Multi-touch touchpad,Lithium-ion,3 Cell,Không,65 W,Windows 10,64 bit,Home Single Language,Office 2019 Home & Student,307,Nhôm,194.5,Nhựa,16.9,Nhôm,1.25,Nhôm,Bản lề đôi,--,2K0B6PA,2020,Trung Quốc,12 Tháng,
"Laptop MSI Summit E16 Flip A11UCT i7 1195G7/16GB/1TB SSD/RTX3050 4GB/16""QHD+/Win 10 (No.00764753)",46999000,Intel,Core i7,1195G7,4,8,2.90 GHz,5.00 GHz,12 MB Smart Cache,4 GT/s,16 GB,LPDDR4,2133 MHz,0,0,2,Không,"16.0""",LED,2560 x 1600 Pixel,120 Hz,400 nits,IPS,LED Backlit,100% DCI-P3,16:10,1000:1,Không,1,0,2,HD Audio,Có,Có,Có,Không,Không,Backlit Keyboard,Có,LED,Đơn sắc,White,Hỗ trợ đa cử chỉ,Lithium-Polymer,4 Cell,Không,100 W,Windows 10,64 bit,Home,MSI Center for Business & Productivity,358.6,Kim Loại,257.8,Kim loại,16.85,Kim loại,1.9,Kim loại,Bản lề đôi mở 360 độ,Cooler Boost,068VN,2021,Trung Quốc,24 Tháng,Có
"Laptop Lenovo Ideapad Slim 5 15ITL05 i5 1135G7/16GB/512GB/15.6""FHD/Win 10 (No.00764747)",20199000,Intel,Core i5,1135G7,4,8,2.40 GHz,4.20 GHz,8 MB Smart Cache,4 GT/s,16 GB,DDR4,3200 MHz,0,0,1,--,"15.6""",LED,1920 x 1080 Pixel,--,300 nits,IPS,"IPS LCD LED Backlit, True Tone",45% NTSC,16:09,--,--,3,2,2,Dolby Audio,Có,Có,Có,Không,Không,QWERTY Backlit Keyboard with G-Key - Blue Print,Có,LED,Đơn sắc,White,--,Lithium-ion,2 Cell,Không,45 W,Windows 10,64 bit,Home Single Language,--,356.67,Kim loại và nhựa,233.13,ABS plastic,17.9,ABS plastic,1.66,ABS plastic,--,1 quạt,82FG00R0VN,2021,Trung Quốc,24 Tháng,
"MacBook Pro 14"" 2021 M1 Pro 512GB (No.00777787)",52990000,Apple,M1 Pro,--,8,14,--,--,--,,16 GB,--,--,0,0,1,32 GB,"14.2""",LED,3024 x 1964 Pixel,--,--,--,--,96% sRGB,--,--,Không,--,--,6,--,Có,Không,Có,Không,Không,English-International Backlit Keyboard,Không,LED,Đơn sắc,White,Hỗ trợ đa cử chỉ,Lithium-Polymer,--,Không,--,Mac OS,--,--,Các ứng dụng mặc định có sẵn của Mac OS,--,Nhôm,--,Nhựa,--,Nhôm,1.604,Nhôm,--,--,MKGP3SA/A,2021,Trung Quốc,12 Tháng,
Laptop MSI Gaming Katana GF66 11UD 697VN i7 11800H/8GB/512GB/RTX 3050Ti 4GB/Win 10 (No.00772182),30999000,Intel,Core i7,11800H,8,16,2.30 GHz,4.60 GHz,24 MB Smart Cache,8 GT/s,8 GB,DDR4,3200 MHz,2,1,0,64 GB,"15.6""",LED,1920 x 1080 Pixel,144 Hz,300 nits,IPS,"IPS LCD LED Backlit, True Tone",45% NTSC,16:09,--,Không,1,0,2,HD Audio,Không,Không,Có,Không,Không,Backlit Keyboard,Không,LED,Đơn sắc,Red,Multi-touch touchpad,Lithium-Polymer,3 Cell,Không,--,Windows 10,64 bit,Home Single Language,Không,359,Kim Loại,--,Nhựa,24.9,Kim loại,2.1,Kim loại,Bản lề mở 180 độ,2 quạt,697VN,2021,Trung Quốc,12 Tháng,
Laptop Lenovo Gaming 3 15IHU6 i7 11370H/ 8GB/512GB/RTX 3050 4GB/Win 10 (No.00771114),28999000,Intel,Core i7,1130G7,4,8,3.30 GHz,4.80 GHz,12 MB Smart Cache,,8 GB,DDR4,3200 MHz,2,1,0,16 GB,"15.6""",LED,1920 x 1080 Pixel,120 Hz,250 nits,IPS,IPS LCD,45% NTSC,16:09,800:1,--,3,2,2,Stereo speakers with high dynamic range,Không,Không,Có,Không,Không,Bàn phím cứng,Có,LED,Đơn sắc,White,--,Lithium-Polymer,--,Không,45 W,Windows 10,64 bit,Home,Lenovo Vantage,359,ABS plastic,252,ABS plastic,24.4,ABS plastic,2.25,ABS plastic,Bản lề đôi,--,82K100FBVN,2021,Trung Quốc,24 Tháng,
Laptop Lenovo ThinkPad X1 Carbon 8 i5 10210U/16GB/512GB/14”WQHD/Win 10 Pro (No.00724582),45999000,Intel,Core i5,10210U,4,8,1.60 GHz,4.20 GHz,6 MB Cache,4 GT/s,16 GB,LPDDR3,2133 MHz,0,0,1,Không,"14.0""",LED,2560 x 1440 Pixel,60 Hz,300 nits,WVA,WVA Anti-glare LED Backlit Narrow Border,72% NTSC,16:09,--,Có,1,0,2,Dolby Audio,Có,Có,Không,Không,Không,"6-row, multimedia Fn keys",Không,LED,Đơn sắc,White,--,Lithium-Polymer,4 Cell,Không,--,Windows 10,64 bit,Pro,Lenovo Vantage,323,--,216,--,14.9,--,1.1,--,--,1 quạt,20U9007YVN,2020,Trung Quốc,36 Tháng,
"MacBook Pro 13"" 2020 Touch Bar M1 16GB/256GB (No.00731803)",39999000,Apple,M1,--,8,8,--,--,--,,16 GB,LPDDR4,--,0,0,1,16 GB,"13.3""",LED,2560 x 1600 Pixel,--,--,IPS,"IPS LCD LED Backlit, True Tone",99% sRGB,16:10,--,Không,--,--,2,Stereo speakers with high dynamic range,Có,Không,Có,Không,Không,English-International Backlit Keyboard,Không,LED,Đơn sắc,White,Hỗ trợ đa cử chỉ,Lithium-Polymer,--,Không,--,Mac OS,--,--,Các ứng dụng mặc định có sẵn của Mac OS,304.1,Nhôm,212.4,Nhựa,15.6,Nhôm,1.4,Nhôm,--,--,Z11B,2020,Trung Quốc,12 Tháng,
"Laptop MSI Modern 14 B5M R5 5500U/8GB/512GB/AMD Radeon Graphics/14""FHD/Win 10 (No.00772986)",17299000,AMD,Ryzen 5,5500U,6,12,2.10 GHz,4.00 GHz,8 MB L3 Cache,,8 GB,DDR4,3200 MHz,2,1,0,64 GB,"14.0""",LED,1920 x 1080 Pixel,60 Hz,250 nits,IPS,Anti-glare LED-backlit,45% NTSC,16:09,1000:1,Không,1,0,2,HD Audio,Không,Không,Có,Không,Không,Backlit Keyboard,Không,LED,Đơn sắc,White,Multi-touch touchpad,Lithium-Polymer,3 Cell,Không,65 W,Windows 10,64 bit,Home,MSI Center for Business & Productivity,319,Kim Loại,219,Nhựa,16.9,Kim loại,1.3,Nhựa,Bản lề mở 180 độ,Cooler Boost,062VN,2021,Trung Quốc,12 Tháng,
Laptop Dell Inspiron N3501 i5 1135G7/8GB/512GB/GF MX330 2GB/15.6FHD/Win 10+Office Home&Student (No.00775286),22499000,Intel,Core i5,1135G7,4,8,2.40 GHz,4.20 GHz,8 MB Smart Cache,4 GT/s,8 GB,DDR4,3200 MHz,2,1,0,16 GB,"15.6""",LED,1920 x 1080 Pixel,60 Hz,220 nits,WVA,WVA Anti-glare LED Backlit Narrow Border,45% NTSC,16:10,400:1,Có,2,--,2,Realtek High Definition Audio,Không,Không,Có,Không,Không,English International Non-backlit Keyboard,Có,Không,Không,Không,Multi-touch touchpad,Lithium-ion,3 Cell,Không,65 W,Windows 10,64 bit,Home Single Language,--,363.96,Nhựa,249,Nhựa,19.9,Nhựa,1.96,Nhựa,Bản lề đôi,1 quạt,70253897,2020,Trung Quốc,12 Tháng,
"Dell G3 15 3500B i7 10750H/16GB/512GB/15.6""FHD/NV GTX1660Ti 6GB/Win 10 (No.00713129)",31999000,Intel,Core i7,10750H,6,12,2.60 GHz,5.00 GHz,12 MB Smart Cache,8 GT/s,16 GB,DDR4,2933 MHz,2,0,0,16 GB,"15.6""",LED,1920 x 1080 Pixel,120 Hz,250 nits,WVA,WVA Anti-glare LED Backlit Narrow Border,45% NTSC,16:09,800:1,Có,2,1,2,Realtek ALC3254 with Nahimic 3D Audio for Gamers,Có,Không,Có,Không,Không,QWERTY Backlit Keyboard with G-Key - Blue Print,Có,LED,Đơn sắc,Blue,Hỗ trợ cử chỉ đa cảm ứng,Lithium-ion,4 Cell,Không,240 W,Windows 10,64 bit,Home Single Language,Không,364.46,Nhựa,254,Nhựa,21.60 ~ 30.96,Nhựa,2.58,Nhựa,--,2 quạt với 3 ống đồng tản nhiệt,P89F002G3500B,2020,Trung Quốc,12 Tháng,
"Laptop Lenovo IdeaPad Slim 3 14ITL6 i5 1135G7/8GB/512GB/14""FHD/Win 10 (No.00748423)",16999000,Intel,Core i5,1135G7,4,8,1.00 GHz,4.20 GHz,8 MB Smart Cache,4 GT/s,8 GB,DDR4,3200 MHz,1,0,1,12 GB,"14.0""",LED,1920 x 1080 Pixel,60 Hz,250 nits,TN,Anti-glare LED-backlit,45% NTSC,16:09,--,Không,2,1,2,Dolby Audio,Có,Không,Có,Không,Không,"6-row, multimedia Fn keys",Không,Không,Không,Không,2-button Mylar surface multi-touch touchpad,--,2 Cell,Không,--,Windows 10,64 bit,Home,Lenovo Vantage,324,ABS plastic,215.6,ABS plastic,19.9,ABS plastic,1.41,ABS plastic,Bản lề đơn,--,82H7003UVN,2021,Trung Quốc,24 Tháng,
"Laptop Gigabyte Gaming G5 GD i5 11400H/16GB/ 512GB/15.6""FHD/RTX3050 4GB/Win 10 (No.00773265)",26999000,Intel,Core i5,11400H,6,12,2.70 GHz,4.50 GHz,12 MB Smart Cache,8 GT/s,16 GB,DDR4,3200 MHz,2,0,0,64 GB,"15.6""",LED,1920 x 1080 Pixel,144 Hz,300 nits,IPS,Anti-glare LED-backlit,45% NTSC,16:09,--,Có,3,2,2,DTS Studio Sound,Không,Không,Có,Không,Không,Backlit Keyboard,Có,LED,Đơn sắc,15 màu,Multi-touch touchpad,Lithium-ion,4 Cell,Có,150 W,Windows 10,64 bit,Home Single Language,Không,361,Nhựa,258,Nhựa,24.9,Nhựa,2.2,Nhựa,Mở rộng đến 135 độ,Công nghệ tản nhiệt WINFORCE (2 quạt),51S1121SH,2021,Trung Quốc,24 Tháng,
"Laptop Microsoft Surface Go i5 1035G1/8GB/128GB/12.4"" Touch/Win10 (No.00775354)",19999000,Intel,Core i5,1035G1,4,8,1.00 GHz,3.60 GHz,6 MB Smart Cache,4 GT/s,8 GB,LPDDR4X,3733 MHz,0,0,1,--,"12.4""",LED,1536 x 1024 (148 PPI),60 Hz,300 nits,IPS Glossy,IPS LCD,100% sRGB,3:2,--,Không,1,0,2,Dolby Audio,Có,Không,Không,Không,Không,English International Non-backlit Keyboard,Không,Không,Không,Không,Multi-touch touchpad,Lithium-Polymer,--,Không,39 W,Windows 10,64 bit,Home,Không,278.18,Nhôm,205.67,--,15.69,--,1.1,--,Bản lề đôi,1 quạt,,2020,Trung Quốc,1 đổi 1 12 Tháng,Có
"Laptop Asus Vivobook A515EA-L11970T i5 1135G7/8GB/512GB SSD/15.6"" OLED/Win10 (No.00776406)",19999000,Intel,Core i5,1135G7,4,8,2.40 GHz,4.20 GHz,8 MB L3 Cache,,8 GB,DDR4,3200 MHz,1,1,1,24 GB,"15.6""",LED,1920 x 1080 Pixel,60 Hz,400 nits,OLED,OLED,100% DCI-P3,16:09,--,--,2,1,1,Harman Kardon speakers,Có,Không,Có,Không,Không,Chiclet Keyboard,Có,Không,Không,Không,Hỗ trợ cử chỉ đa cảm ứng,Lithium-ion,3 Cell,Không,65 W,Windows 10,64 bit,Home,Không,359,Nhôm,235,Nhựa,--,Nhựa,1.8,Nhựa,Ergolift,--,A515EA-L11970T,2021,Trung Quốc,24 Tháng,
"Laptop Gigabyte Gaming G5 MD i5 11400H/16GB/ 512GB/15.6""FHD/RTX3050Ti 4GB/Win 10 (No.00773264)",29999000,Intel,Core i5,11400H,6,12,2.70 GHz,4.50 GHz,12 MB Smart Cache,8 GT/s,16 GB,DDR4,3200 MHz,2,0,0,64 GB,"15.6""",LED,1920 x 1080 Pixel,144 Hz,300 nits,IPS,Anti-glare LED-backlit,72% NTSC,16:09,--,Có,3,2,2,DTS Studio Sound,Không,Không,Có,Không,Không,Backlit Keyboard,Có,LED,Đơn sắc,15 màu,Multi-touch touchpad,Lithium-ion,4 Cell,Có,150 W,Windows 10,64 bit,Home Single Language,Không,361,Nhựa,258,Nhựa,24.9,Nhựa,2.2,Nhựa,Mở rộng đến 135 độ,Công nghệ tản nhiệt WINFORCE (2 quạt),G5 MD-51S1123SH,2021,Trung Quốc,24 Tháng,
Laptop Acer Nitro Gaming AN515 45 R0B6 R7 5800H/8GB/512GB SSD/RTX 3060-6G/Win10 (No.00750983),31349000,AMD,Ryzen 7,5800H,8,16,3.20 GHz,4.40 GHz,16 MB Smart Cache,,8 GB,DDR4,3200 MHz,2,1,0,32 GB,"15.6""",LED,1920 x 1080 Pixel,144 Hz,--,IPS,"IPS LCD LED Backlit, True Tone",45% NTSC,16:09,--,--,2,1,1,Acer TrueHarmony,Không,Không,Có,Không,Không,Full-size,Có,LED,SRGB,--,Hỗ trợ cử chỉ đa cảm ứng,Lithium-ion,4 Cell,Không,--,Windows 10,64 bit,Home,Không,363.4,Nhựa,255,Nhựa,23.9,Nhựa,2.2,Nhựa,--,2 quạt với 3 ống đồng tản nhiệt,NH.QBCSV.001,2021,Trung Quốc,12 Tháng,
"Laptop Dell Vostro V3400 i3 1115G4/8GB/256GB/14.0""FHD/Win 10+Office Home& Student 19 (No.00775285)",15899000,Intel,Core i3,1115G4,2,4,3.00 GHz,4.10 GHz,6 MB Smart Cache,4 GT/s,8 GB,DDR4,2666 MHz,2,1,0,16 GB,"14.0""",LED,1920 x 1080 Pixel,60 Hz,220 nits,WVA,WVA Anti-glare LED Backlit Narrow Border,45% NTSC,16:10,500:1,Không,2,--,2,Realtek High Definition Audio,Không,Không,Có,Không,Không,English International Non-backlit Keyboard,Không,Không,Không,Không,Multi-touch touchpad,Lithium-Polymer,3 Cell,Không,45 W,Windows 10,64 bit,Home Single Language,--,339,Nhựa,242,Nhựa,19.9,Nhựa,1.64,Nhựa,Bản lề đôi,1 quạt,70253899,2020,Trung Quốc,12 Tháng,
"Laptop Asus Zenbook Flip UX363EA-HP548T i7 1165G7/16GB/512GB SSD/13.3"" OLED Touch/Win10 (No.00776407)",33999000,Intel,Core i7,1165G7,4,8,2.80 GHz,4.70 GHz,12 MB Smart Cache,,16 GB,LPDDR4X,4266 MHz,0,0,1,16 GB,"13.3""",LED,1920 x 1080 Pixel,60 Hz,400 nits,OLED,OLED,100% DCI-P3,16:09,--,--,1,0,--,ASUS SonicMaster stereo,Không,Có,Có,Không,Không,Backlit Chiclet Keyboard,Không,LED,Đơn sắc,White,--,Lithium-ion,4 Cell,Không,65 W,Windows 10,64 bit,Home,Không,305.2,Nhôm,211.5,Kính,13.9,Nhôm,1.3,Nhôm,Ergolift,--,90NB0RZ1-M13430,2021,Trung Quốc,24 Tháng,Có
Laptop Acer Nitro Gaming AN515-57-77KU i7 11800H/16GB/512GB SSD/RTX 3060 6GB/Win10 (No.00773698),38999000,Intel,Core i7,11800H,8,16,2.30 GHz,4.60 GHz,24 MB Smart Cache,8 GT/s,16 GB,DDR4,3200 MHz,2,1,0,32 GB,"15.6""",LED,2160 x 1440 Pixel,165 Hz,--,IPS,LED-backlit,--,16:09,--,Có,3,2,2,Acer TrueHarmony,Không,Không,Có,--,Không,Chiclet Keyboard,Có,LED,SRGB,RGB 4 Zone,Multi-touch touchpad,Lithium-ion,4 Cell,Không,--,Windows 10,64 bit,Home,Không,363.4,Nhựa,255,Nhựa,23.9,Nhựa,2.2,Nhựa,Bản lề đôi,2 quạt,NH.QDGSV.001,2021,Trung Quốc,12 Tháng,
"Laptop MSI Prestige 14EVO A11M-089VN i7 1185G7/16GB/512GB SSD/14""FHD/UMA/Win10 (No.00733803)",29999000,Intel,Core i7,1185G7,4,8,3.00 GHz,4.80 GHz,12 MB Smart Cache,,16 GB,LPDDR4,--,2,--,0,--,"14.0""",LED,1920 x 1080 Pixel,60 Hz,300 nits,IPS,--,100% sRGB,--,--,Không,1,0,2,Realtek High Definition Audio,Có,Không,Có,Không,Không,Backlit Keyboard,Không,LED,Đơn sắc,White,Multi-touch touchpad,Lithium-Polymer,3 Cell,Không,90 W,Windows 10,64 bit,Home Single Language,Không,319,Kim Loại,219,Kim loại,15.9,Kim loại,1.29,Kim loại,Bản lề đôi,1 quạt,089VN,2020,Trung Quốc,24 Tháng,
"Laptop HP 240 G8 i3 1005G1/8GB/512GB/14.0""HD/Win 10 (No.00775506)",13999000,Intel,Core i3,1005G1,2,4,1.20 GHz,3.40 GHz,4 MB Smart Cache,4 GT/s,8 GB,DDR4,3200 MHz,0,0,1,--,"14.0""",LED,--,60 Hz,250 nits,SVA,Anti-glare LED-backlit,45% NTSC,--,--,Không,1,0,2,--,Không,Không,Có,Không,Không,--,Không,Không,--,Không,--,--,3 Cell,Không,45 W,Windows 10,64 bit,Home,Không,324,--,226,--,19.9,--,1.47,--,--,--,519A6PA,2021,Trung Quốc,12 Tháng,
Laptop Asus Zenbook UX425EA KI429T i5 1135G7/8GB/512GB SSD/Win 10 (No.00758225),23999000,Intel,Core i5,1135G7,4,8,2.40 GHz,4.20 GHz,8 MB Smart Cache,,8 GB,LPDDR4X,3200 MHz,0,0,1,Không,"14.0""",LED,1920 x 1080 Pixel,60 Hz,400 nits,IPS,Anti-glare LED-backlit,100% sRGB,16:09,--,Không,1,0,2,Harman Kardon speakers,Không,Có,Có,Không,Không,Backlit Chiclet Keyboard,Không,LED,Đơn sắc,--,Hỗ trợ cử chỉ đa cảm ứng,Lithium-ion,4 Cell,Không,65 W,Windows 10,64 bit,Home,Không,319,Kim Loại,208,Nhựa,13.9,Kim loại,1.17,Kim loại,Hinge,--,90NB0SM1-M09060,2021,Trung Quốc,24 Tháng,
"Laptop HP 15s du1105TU i3 10110U/4GB/256GB/15.6""HD/Win 10 (No.00774712)",12499000,Intel,Core i3,10110U,2,4,2.10 GHz,4.10 GHz,4 MB L3 Cache,4 GT/s,4 GB,DDR4,2666 MHz,2,1,0,32 GB,"15.6""",LED,1366 x 768 Pixel,--,--,IPS,LED-backlit,--,--,--,Không,--,--,2,HP audio boost,Không,Không,Có,Không,Không,Full-size,Có,--,--,--,Hỗ trợ cử chỉ đa cảm ứng,Lithium-ion,3 Cell,Không,45 W,Windows 10,64 bit,Home Single Language,Không,320,--,225,--,19,--,1.49,--,--,1 quạt,2Z6L3PA,2021,Trung Quốc,12 Tháng,
Laptop Acer Swift 3 SF313 53 518Y i5 1135G7/16GB/512GB SSD/13.5'' QHD/Win10 (No.00765106),22999000,Intel,Core i5,1135G7,4,8,2.40 GHz,4.20 GHz,8 MB Smart Cache,4 GT/s,16 GB,LPDDR4X,4266 MHz,0,0,1,16 GB,"13.5""",LED,2256 x 1504 Pixel,60 Hz,--,IPS,Acer CineCrystalTM LED-backlit TFT LCD,--,--,--,Có,1,0,--,Acer TrueHarmony,Có,Không,Có,Không,Không,Bàn phím cứng,Không,LED,Đơn sắc,White,Multi-touch touchpad,Lithium-ion,--,Không,100 W,Windows 10,64 bit,Home,Không,302.5,Nhôm,233.88,Nhựa,15.95,Hợp kim Magie và nhôm,1.19,Nhôm,Bản lề mở 180 độ,--,NX.A4JSV.003,2020,Trung Quốc,12 Tháng,
Laptop Asus Vivobook X515EA BQ993T i5 1135G7/8GB/512GB SSD/Win10 (No.00765103),18199000,Intel,Core i5,1135G7,4,8,2.40 GHz,4.20 GHz,8 MB Smart Cache,,8 GB,DDR4,3200 MHz,1,0,0,16 GB,"15.6""",LED,1920 x 1080 Pixel,60 Hz,250 nits,IPS,Anti-glare LED-backlit,45% NTSC,16:09,--,Không,2,1,--,ASUS SonicMaster stereo,Có,Không,Có,Không,Không,Chiclet Keyboard,Có,Không,Không,Không,Multi-touch touchpad,Lithium-ion,2 Cell,Không,37 W,Windows 10,64 bit,Home,Không,360,Nhựa,235,Nhựa,19.9,Nhựa,1.8,Nhựa,--,--,90NB0TY2-M16440,2021,Trung Quốc,24 Tháng,
"Laptop Dell Gaming G5 15 i7 10750H/16GB/1TB SSD/15.6""FHD/NV RTX2070 8GB/Win 10 (No.00767205)",39999000,Intel,Core i7,10750H,6,12,2.60 GHz,5.00 GHz,12 MB Smart Cache,8 GT/s,16 GB,DDR4,2933 MHz,2,0,0,32 GB,"15.6""",LED,1920 x 1080 Pixel,300 Hz,300 nits,WVA,WVA Anti-glare LED Backlit Narrow Border,72% NTSC,16:09,800:1,Có,2,0,2,Realtek ALC3254 with Nahimic 3D Audio for Gamers,Có,Không,Có,Không,Không,QWERTY,Có,LED,LEG RGB 4 Zone,RGB,Hỗ trợ cử chỉ đa cảm ứng,Lithium-Polymer,4 Cell,Không,240 W,Windows 10,64 bit,Home Single Language,Không,364.46,Nhựa,254,Nhựa,31.13,Kim loại,2.65,Nhựa,Bản lề đơn,2 quạt,P89F003G5500B,2021,Trung Quốc,12 Tháng,
"Laptop MSI Katana GF76 11UC 096VN i7 11800H/8GB/512GB/17.3""FHD/RTX3050 4Gb/Win 10 (No.00760885)",30299000,Intel,Core i7,11800H,8,16,2.30 GHz,4.60 GHz,--,8 GT/s,8 GB,DDR4,3200 MHz,2,1,0,64 GB,"17.3""",LED,1920 x 1080 Pixel,144 Hz,--,IPS,--,--,--,--,Không,1,0,2,Realtek High Definition Audio,Không,Không,Có,Không,Không,Backlit Keyboard,Có,--,Đơn sắc,Red,Multi-touch touchpad,Lithium-Polymer,3 Cell,Không,150 W,Windows 10,64 bit,Home Single Language,Không,397,ABS plastic,275,ABS plastic,25,--,2.6,ABS plastic,Bản lề đôi,2 quạt,096VN,--,Trung Quốc,12 Tháng,
"Laptop Dell Vostro V5510 i5 11300H/8GB/512GB/15.6""FHD/Win 10+Office Home&Student (No.00775327)",22990000,Intel,Core i5,11300H,4,8,--,4.40 GHz,8 MB Smart Cache,,8 GB,DDR4,3200 MHz,2,1,0,32 GB,"15.6""",LED,1920 x 1080 Pixel,60 Hz,250 nits,WVA,WVA Anti-glare LED Backlit Narrow Border,45% NTSC,--,600:1,Không,1,0,2,--,Có,Không,Có,Không,Không,English International Backlit Keyboard,Có,--,--,--,--,--,4 Cell,Không,65 W,Windows 10,64 bit,Home Single Language English,Office 2019 Home & Student,356,--,228,--,18,--,1.75,--,--,--,70253901,2021,Trung Quốc,12 Tháng,
Laptop Acer Nitro Gaming AN515-57-54MV i5 11400H/8GB/512GB SSD/RTX 3050 4GB/Win10 (No.00775122),26499000,Intel,Core i5,11400H,6,12,2.6 Ghz,4.40 GHz,12 MB Smart Cache,8 GT/s,8 GB,DDR4,3200 MHz,2,1,0,32 GB,"15.6""",LED,1920 x 1080 Pixel,144 Hz,--,IPS,Acer ComfyView LED-backlit,--,16:09,--,Có,3,0,2,Acer TrueHarmony,Không,Không,Có,Không,Không,Bàn phím cứng,Có,LED,LED RGB 4 Zone,RGB 4 Zone,Multi-touch touchpad,Lithium-ion,4 Cell,Không,--,Windows 11,64 bit,Home,Không,363,Nhựa,255,Nhựa,23.9,Nhựa,2.2,Nhựa,Bản lề đôi,2 quạt,NH.QENSV.003,2021,Trung Quốc,12 Tháng,
"Laptop MSI Gaming GF65 10UE 228VN i7 10750H/16GB/512GB/RTX 3060 6GB/15.6""FHD_Win 10 (No.00750392)",32499000,Intel,Core i7,10750H,6,12,2.60 GHz,5.00 GHz,12 MB Smart Cache,8 GT/s,16 GB,DDR4,3200 MHz,2,0,0,64 GB,"15.6""",LED,1920 x 1080 Pixel,144 Hz,300 nits,IPS,IPS LCD,45% NTSC,16:09,--,Không,2,1,2,HD Audio,Không,Không,Có,Không,Không,Backlit Chiclet Keyboard,Không,LED,Đơn sắc,Red,Multi-touch touchpad,Lithium-Polymer,3 Cell,Không,180 W,Windows 10,64 bit,Home Single Language,Không,359,Kim Loại,254,Nhựa,21.7,Kim loại,1.86,Kim loại,Bản lề đôi,2 quạt,228VN,2021,Trung Quốc,12 Tháng,
Laptop MSI Gaming GF63-468VN i5 10500H/8GB/512GB/GTX 1650 Max-Q 4GB/Win 10 (No.00770718),20999000,Intel,Core i5,10500H,6,12,2.50 GHz,4.50 GHz,12 MB Smart Cache,8 GT/s,8 GB,DDR4,3200 MHz,2,1,0,64 GB,"15.6""",LED,1920 x 1080 Pixel,144 Hz,300 nits,IPS,"IPS LCD LED Backlit, True Tone",45% NTSC,16:09,--,Không,2,1,2,HD Audio,Không,Không,Có,Không,Không,Chiclet Keyboard,Không,LED,Đơn sắc,Red,Multi-touch touchpad,Lithium-Polymer,3 Cell,Không,120 W,Windows 10,64 bit,Home Single Language,Không,359,Kim Loại,254,Nhựa,21.7,Kim loại,1.86,Kim loại,Bản lề đôi,Cooler Boost,468VN,2021,Trung Quốc,12 Tháng,
"Laptop Dell Inspiron N3501 i7 1165G7/8GB/512GB/GF MX330 2GB/15.6""FHD/Win 10/Office Home&S (No.00775287)",24599000,Intel,Core i7,1165G7,4,8,2.80 GHz,4.70 GHz,12 MB Smart Cache,4 GT/s,8 GB,DDR4,3200 MHz,2,1,0,16 GB,"15.6""",LED,1920 x 1080 Pixel,60 Hz,220 nits,WVA,WVA Anti-glare LED Backlit Narrow Border,45% NTSC,16:10,400:1,Có,2,--,2,Realtek High Definition Audio,Không,Không,Có,Không,Không,English International Non-backlit Keyboard,Có,Không,Không,Không,Multi-touch touchpad,Lithium-ion,3 Cell,Không,65 W,Windows 10,64 bit,Home Single Language,--,363.96,Nhựa,249,Nhựa,19.9,Nhựa,1.96,Nhựa,Bản lề đôi,1 quạt,70253898,2020,Trung Quốc,12 Tháng,
"Laptop Microsoft Surface Pro 7 i5 1035G4/8GB/128GB SSD/12.3"" Touch/Win10 (No.00734878)",25999000,Intel,Core i5,1035G4,4,8,1.10 GHz,3.70 GHz,6 MB Smart Cache,4 GT/s,8 GB,LPDDR4X,3733 MHz,0,0,1,Không,"12.3""",LED,2736 x 1824 Pixel,60 Hz,395 nits,IPS Glossy,--,95% sRGB,3:2,--,Không,--,0,2,Dolby Audio,Không,Có,Có,Không,Không,--,Không,Không,Không,Không,--,Lithium-ion,4 Cell,Không,65 W,Windows 10,64 bit,--,Không,201,Hợp kim Magie,8.5,Kim loại,292,--,0.775,Kim loại,--,--,--,2019,Trung Quốc,1 đổi 1 12 Tháng,Có
"Laptop Dell Inspiron N3510 Celeron N4020/4GB/128GB15.6""HD/Intel HD/Win 10/NK (No.00775823)",10999000,Intel,Celeron,N4020,2,2,1.00 GHz,2.80 GHz,4 MB Cache,,4 GB,DDR4,3200 MHz,1,0,0,8 GB,"15.6""",LED,1366 x 768 Pixel,60 Hz,220 nits,WVA,Wide-Viewing Angle (WVA),45% NTSC,16:09,400:1,Không,2,1,2,Realtek ALC3204,Không,Không,Có,Không,Không,English International Non-backlit Keyboard,Có,Không,Không,Không,Multi-touch touchpad,Lithium-Polymer,3 Cell,Không,65 W,Windows 10,64 bit,Home,Không,358.5,Nhựa,235,Nhựa,0.41 ~ 15.6,Nhựa,1.65,Nhựa,Bản lề đôi,1 quạt,,2021,Trung Quốc,12 Tháng,
"Laptop MSI Modern 14 B11MOL 688VN i3 1115G4/8GB/256GB/14""FHD/Win 10 (No.00770998)",14999000,Intel,Core i3,1115G4,2,4,1.70 GHz,4.10 GHz,6 MB Smart Cache,4 GT/s,8 GB,DDR4,3200 MHz,2,1,0,64 GB,"14.0""",LED,1920 x 1080 Pixel,60 Hz,--,IPS,Anti-glare LED-backlit,72% NTSC,16:09,--,Không,1,0,2,HD Audio,Không,Không,Có,Không,Không,Backlit Keyboard,Không,LED,Đơn sắc,White,Multi-touch touchpad,Lithium-Polymer,3 Cell,Không,--,Windows 10,64 bit,Home Single Language,Không,320,Kim Loại,220.55,Nhựa,16.9,Kim loại,1.3,Kim loại,Bản lề mở 180 độ,1 quạt,688VN,2021,Trung Quốc,12 Tháng,
"Laptop HP Gaming OMEN 16 b0142TX i5 11400H/16GB/1TB SSD+32GB/RTX 3050Ti 4GB/16.1""FHD/Win 10 (No.00773273)",39999000,Intel,Core i5,11400H,6,12,2.70 GHz,4.50 GHz,12 MB Smart Cache,8 GT/s,16 GB,DDR4,2933 MHz,2,0,0,32 GB,"16.1""",LED,1920 x 1080 Pixel,144 Hz,300 nits,IPS,IPS LCD,100% sRGB,16:09,--,Không,2,1,2,Audio by B&O,Không,Không,Có,Không,Không,Full-size,Có,LED,LEG RGB 4 Zone,RGB,Hỗ trợ cử chỉ đa cảm ứng,Lithium-Polymer,6 Cell,Không,200 W,Windows 10,64 bit,Home,Không,369,--,262,--,23.5,--,2.3,--,--,2 quạt,4Y0Z8PA,2021,Trung Quốc,12 Tháng,
"Laptop HP Gaming VICTUS 16 e0175AX R5 5600H/ 8GB/512GB/ RTX 3050 4GB/16.1"" FHD/Win 10 (No.00773270)",24499000,AMD,Ryzen 5,5600H,6,12,3.30 GHz,4.20 GHz,16 MB Smart Cache,8 GT/s,8 GB,DDR4,3200 MHz,2,0,0,32 GB,"16.1""",LED,1920 x 1080 Pixel,144 Hz,250 nits,IPS,Anti-glare Micro-edge WLED-backlit,45% NTSC,16:09,--,--,2,1,2,HP audio boost,Không,Không,Có,Không,Không,Full-size,Có,LED,Đơn sắc,RGB,Hỗ trợ cử chỉ đa cảm ứng,Lithium-Polymer,4 Cell,Không,200 W,Windows 10,64 bit,Home,Không,369,--,262,--,23.5,--,2.46,--,--,2 quạt,4R0U8PA,2021,Trung Quốc,12 Tháng,
"Laptop HP 240 G8 i5 1135G7/8GB/256GB/14.0""FHD/Win 10 (No.00776506)",17499000,Intel,Core i5,1135G7,4,8,2.40 GHz,4.20 GHz,8 MB L3 Cache,4 GT/s,8 GB,DDR4,3200 MHz,2,1,0,16 GB,"14.0""",LED,1920 x 1080 Pixel,60 Hz,250 nits,IPS,--,45% NTSC,16:09,--,Không,1,0,2,Realtek High Definition Audio,Không,Không,Có,Không,Không,Full-size,Không,Không,Không,Không,Multi-touch touchpad,Lithium-ion,3 Cell,Không,45 W,Windows 10,64 bit,Home Single Language,Không,324,Nhựa,225,Nhựa,19.9,Nhựa,1.42,Nhựa,Bản lề đôi,--,518V6PA,2021,Trung Quốc,12 Tháng,
Laptop MSI Stealth 15M A11SDK 061VN i7 1185G7/16GB/512GB/GTX1660Ti MaxQ 6GB/Win 10 (No.00742616),34490000,Intel,Core i7,1185G7,4,8,3.00 GHz,4.80 GHz,12 MB Smart Cache,,--,DDR4,2666 MHz,2,0,0,64 GB,"15.6""",LED,1920 x 1080 Pixel,144 Hz,--,--,"IPS LCD LED Backlit, True Tone",45% NTSC,16:09,--,Không,1,0,2,Realtek High Definition Audio,Không,Không,Có,Không,Không,Backlit Keyboard,Không,--,RGB per key,--,Multi-touch touchpad,Lithium-Polymer,3 Cell,Không,150 W,Windows 10,64 bit,Home Single Language,Không,358,Kim Loại,248,Kim loại,15.9,Kim loại,1.693,Kim loại,Bản lề đôi,2 quạt,061VN,2021,Trung Quốc,24 Tháng,
Laptop MSI Pulse GL66 11UDK 255VN i7 11800H/16GB/512GB/RTX3050 Ti 4GB/Win 10 (No.00764929),33999000,Intel,Core i7,11800H,8,16,2.30 GHz,4.60 GHz,24 MB Smart Cache,,16 GB,DDR4,3200 MHz,2,0,0,64 GB,"15.6""",LED,1920 x 1080 Pixel,144 Hz,--,IPS,--,--,16:09,--,Không,1,0,2,Realtek High Definition Audio,Không,Không,Không,Không,Không,Backlit Keyboard,Có,--,--,RGB,Multi-touch touchpad,Lithium-Polymer,3 Cell,Không,180 W,Windows 10,64 bit,Home Single Language,Không,359,Kim Loại,258,Kim loại,23.9,Kim loại,2.25,ABS plastic,Bản lề đôi,Cooler Boost,255VN,2021,Trung Quốc,24 Tháng,
Laptop MSI Gaming Stealth 15M A11UEK-232VN i7 11375H/16GB/512GB/15.6FHD/RTX 3060 Max-Q 6GB/Win 10 (No.00774426),41999000,Intel,Core i7,11370H,4,8,3.30 GHz,5.00 GHz,12 MB Smart Cache,8 GT/s,16 GB,DDR4,3200 MHz,2,0,0,64 GB,"15.6""",LED,1920 x 1080 Pixel,144 Hz,300 nits,IPS,IPS LCD,45% NTSC,16:09,--,Không,1,0,2,Realtek High Definition Audio,Không,Không,Có,Không,Không,Backlit Keyboard,Không,LED,RGB per key,RGB,Multi-touch touchpad,Lithium-Polymer,3 Cell,Không,150 W,Windows 10,64 bit,Home Single Language,Không,358,Kim Loại,248,Kim loại,16.1,Kim loại,1.7,Kim loại,Bản lề đôi,2 quạt,232VN,2021,Trung Quốc,24 Tháng,
Laptop Asus Gaming TUF FX516PC-HN001T i7 11370H/8GB/512GB SSD/ RTX 3050 4GB/Win10 (No.00773508),28990000,Intel,Core i7,11370H,4,8,3.30 GHz,4.80 GHz,12 MB Smart Cache,,8 GB,DDR4,--,1,1,1,24 GB,"15.6""",LED,1920 x 1080 Pixel,144 Hz,250 nits,IPS,Anti-glare LED-backlit,45% NTSC,16:09,1000:1,Có,2,1,2,ASUS SonicMaster stereo,Không,Không,Có,Không,Không,Backlit Chiclet Keyboard,Có,LED,--,--,Multi-touch touchpad,Lithium-ion,4 Cell,Không,200 W,Windows 10,64 bit,Home Single Language,Không,360,Kim Loại,252,Nhựa,19.9,Nhựa,2,Nhựa,--,--,90NR05U1-M00940,2021,Trung Quốc,24 Tháng,
"Laptop Asus Vivobook Pro M3401QA-KM040T R7 5800H/8GB/512GB SSD/14"" OLED WQXGA+/Win10 (No.00776409)",22999000,AMD,Ryzen 7,5800H,8,16,3.20 GHz,4.40 GHz,16 MB Smart Cache,,8 GB,DDR4,2666 MHz,0,0,1,8 GB,"14.0""",LED,2880 x 1800 Pixel,90 Hz,400 nits,OLED,OLED,100% DCI-P3,16:10,1000:1,Không,1,0,--,Harman Kardon speakers,Có,Không,Có,Không,Không,Backlit Chiclet Keyboard,Có,LED,Đơn sắc,White,Hỗ trợ cử chỉ đa cảm ứng,Lithium-ion,3 Cell,Không,90 W,Windows 10,64 bit,Home,Không,319,Nhôm,228,ABS plastic,19.5,ABS plastic,1.4,ABS plastic,Ergolift,2 quạt,90NB0VZ2-M00650,2021,Trung Quốc,24 Tháng,
"Laptop HP 240 G8 i3 1005G1/8GB/512GB/14""HD/Win 10 (No.00755721)",14299000,Intel,Core i3,1005G1,2,4,1.20 GHz,3.40 GHz,4 MB L3 Cache,4 GT/s,8 GB,DDR4,2666 MHz,2,1,1,16 GB,"14.0""",LED,1366 x 768 Pixel,60 Hz,250 nits,IPS,Anti-glare Micro-edge WLED-backlit,45% NTSC,3:2,1000:1,Không,1,0,2,Stereo speakers with high dynamic range,Không,Không,Có,Không,Không,Full-size,Không,Không,Không,Không,TouchPad với nút bật / tắt và hỗ trợ cử chỉ đa cảm ứng,--,3 Cell,Không,65 W,Windows 10,64 bit,--,Không,324,ABS plastic,225,ABS plastic,19.8,ABS plastic,1.47,ABS plastic,Bản lề đôi,1 quạt,46J53PA,2021,Trung Quốc,12 Tháng,
Laptop Lenovo Gaming 3 15IHU6 i5 11300H/8GB/512GB/RTX 3050 4GB/Win 10 (No.00771115),25499000,Intel,Core i5,11300H,4,8,3.0 GHz,4.40 GHz,8 MB L3 Cache,,8 GB,DDR4,3200 MHz,2,1,0,16 GB,"15.6""",LED,1920 x 1080 Pixel,120 Hz,250 nits,IPS,IPS LCD,45% NTSC,16:09,800:1,--,3,2,2,Stereo speakers with high dynamic range,Không,Không,Có,Không,Không,Bàn phím cứng,Có,LED,Đơn sắc,White,--,Lithium-Polymer,--,Không,45 W,Windows 10,64 bit,Home,Lenovo Vantage,356.67,ABS plastic,251,ABS plastic,24.4,ABS plastic,2.25,ABS plastic,Bản lề đôi,--,82K1004YVN,2021,Trung Quốc,24 Tháng,
Laptop Asus Zenbook Duo UX482EA-KA081T i5 1135G7/8GB/512GB SSD/14'' FHD Touch/Win10 (No.00773274),32999000,Intel,Core i5,1135G7,4,8,1.20 GHz,2.80 GHz,8 MB Smart Cache,4 GT/s,8 GB,LPDDR4X,4267 MHz,0,0,1,Không,"14.0""",LED,1920 x 1080 Pixel,60 Hz,400 nits,IPS,Anti-glare LED-backlit,100% sRGB,16:09,--,Không,--,0,2,ASUS SonicMaster stereo,Không,Có,Có,Không,Không,Backlit Chiclet Keyboard,Không,LED,Đơn sắc,White,"ScreenPad™ Plus (12.65"" 1920 x 515 IPS-level Panel Support Stylus)",Lithium-ion,4 Cell,Không,65 W,Windows 10,64 bit,Home Single Language,Không,324,Kim Loại,222,Kim loại,16.9,Kim loại,1.62,Kim loại,Ergolift,--,90NB0S41-M02460,2021,Trung Quốc,24 Tháng,Có
Laptop HP ProBook 440 G8 i5 1135G7/8GB/512GB/14''FHD/Win 10 (No.00741320),20899000,Intel,Core i5,1135G7,4,8,2.40 GHz,4.20 GHz,8 MB Smart Cache,4 GT/s,8 GB,DDR4,3200 MHz,2,1,0,32 GB,"14.0""",LED,1920 x 1080 Pixel,60 Hz,250 nits,IPS,LED-backlit,45% NTSC,16:09,--,--,1,0,2,HP audio boost,Có,Không,Có,Không,Không,Full-size,Không,LED,Không,Không,Hỗ trợ cử chỉ đa cảm ứng,Lithium-ion,3 Cell,Không,45 W,Windows 10,64 bit,Home Single Language,Không,359,Kim Loại,198,Nhựa,214,Kim loại,1.3,Nhựa,Bản lề đôi,1 quạt,2H0S7PA,2021,Trung Quốc,12 Tháng,
Laptop Lenovo IdeaPad Slim 5 15ITL05 i5 1135G7/8GB/512GB/15.6”FHD/Win 10 (No.00759543),18999000,Intel,Core i5,1135G7,4,8,2.40 GHz,4.20 GHz,8 MB L3 Cache,4 GT/s,8 GB,DDR4,3200 MHz,0,0,2,Không,"15.6""",LED,1920 x 1080 Pixel,60 Hz,300 nits,IPS,"IPS LCD LED Backlit, True Tone",45% NTSC,16:09,--,Không,2,1,2,Dolby Audio,Có,Không,Có,Không,Không,"6-row, multimedia Fn keys, numeric keypad",Có,LED,Đơn sắc,White,2-button Mylar surface multi-touch touchpad,Lithium-Polymer,3 Cell,Không,45 W,Windows 10,64 bit,Home,Lenovo Vantage,356.67,Nhôm,233.13,ABS plastic,17.9,ABS plastic,1.66,ABS plastic,Bản lề đơn,1 quạt,82FG0129VN,2021,Trung Quốc,24 Tháng,
Laptop Acer Swift 3 SF314-511-59LV i5 1135G7/16GB/512GB SSD/Win10 (No.00776352),22990000,Intel,Core i5,1135G7,4,8,2.40 GHz,4.20 GHz,8 MB Smart Cache,4 GT/s,16 GB,LPDDR4X,2666 MHz,0,0,1,Không,"14.0""",LED,1920 x 1080 Pixel,60 Hz,250 nits,IPS,--,--,16:09,--,Không,1,0,2,Acer TrueHarmony,Có,Không,Có,Không,Không,Chiclet Keyboard,Không,LED,Đơn sắc,White,Multi-touch touchpad,Lithium-ion,4 Cell,Không,56 W,Windows 10,64 bit,Home,Không,322.8,Nhôm,212.2,Nhựa,15.9,Nhôm,1.19,Nhôm,--,--,NX.ABNSV.001,2021,Trung Quốc,12 Tháng,
"Laptop MSI Gaming GF63 10SC i7 10750H/8GB/512GB/NVD GTX1650 4GB/15.6""FHD/Win 10 (No.00746684)",22999000,Intel,Core i7,10750H,6,12,2.60 GHz,5.00 GHz,12 MB Smart Cache,8 GT/s,8 GB,DDR4,3200 MHz,2,1,0,--,"15.6""",LED,1920 x 1080 Pixel,144 Hz,300 nits,IPS,"IPS LCD LED Backlit, True Tone",45% NTSC,16:09,--,Không,2,1,2,HD Audio,Không,Không,Có,Không,Không,Backlit Keyboard,Không,LED,Đơn sắc,Red,Multi-touch touchpad,Lithium-Polymer,3 Cell,Không,120 W,Windows 10,64 bit,Home Single Language,Không,359,Nhôm,249.6,Nhựa,24.9,Kim loại,1.86,Kim loại,Bản lề đôi,Cooler Boost,020VN,2021,Trung Quốc,12 Tháng,
