Tên sản phẩm,Thương hiệu,Nhà bán,Giá hiện tại,Công nghệ âm thanh,Thời gian pin,Bluetooth,Camera,Card đồ họa,Card Reader,Chip set,Kết nối,CPU,Kích thước,Loại/ Công nghệ màn hình,Dung lượng ổ cứng,Giao tiếp mạng,Model,Loại ổ đĩa,Loại pin,Nơi sản xuất,Ổ đĩa quang,Trọng lượng,RAM,Độ phân giải,Kích thước màn hình,Hệ điều hành,Thiết kế card,Wifi,Xuất xứ thương hiệu,Tốc độ CPU,Xuất xứ,Cổng internet (LAN),Loại RAM,Kết nối không dây khác,Cân nặng,Bus,Bộ nhớ đồ họa,Nhà sản xuất,Thời gian sạc,Hiển thị màu sắc
Microsoft Surface Pro 2018 - Core i5-8250U/8G/128GB - Hàng Chính Hãng,Microsoft,NewTechShop,22500000,Loa Stereo (Dolby Audio Premium),13.5 giờ sử dụng,4.1,"Camera sau: 8.0MP autofocus, quay video 1080p HD, Camera trước: 5.0 MP camera trước, Quay video 1080p HD, Công nghệ Windows Hello nhận diện khuôn mặt",Intel UHD Graphics 620,MicroSDXC,8250U,"USB 3.0, 3.5 mm headphone jack, Mini DisplayPort, Surface Connect port, Surface Type Cover port, tương thích với Surface Dial",Intel Core 8th Gen i5,29.21 x 20.142 x 0.85 mm,"267 ppi Touch, IPS",128GB,"Chuẩn WIFI: 802.11 ac
Kết nối không dây: Bluetooth 4.1",LGP-00001,SSD ,Lithium-Polymer,Trung Quốc,Không,775g,8GB,QHD+ (2736 x 1824),12.3 inch,Windows 10 Home,Tích hợp,802.11 a / b / g / n / ac,,,,,,,,,,,,
Laptop Dell Inspiron 14 5406 TYCJN1 (Core i7-1165G7/ 8GB DDR4 3200MHz/ 512GB M.2 PCIe NVMe/ MX330 2GB GDDR5/ 14 FHD IPS/ Win10) - Hàng Chính Hãng,Dell,Tiki Trading,26365200,,,v5.1,HD camera with dual-array microphones,NVIDIA GeForce MX330 2GB GDDR5 + Intel Iris Xe Graphics,,,2 x USB 3.2 Gen 1 ports Type A; 1 x USB 3.2 Gen2 Type-C with DisplayPort; 1 x HDMI 1.4b port; 1 x SD-card slot; 1 x headset (headphone and microphone combo) port,Intel Core i7-1165G7 Processor,,14.0 Inch FHD Touch IPS 60Hz Wide Viewing Angle,512GB SSD M.2 PCIe NVMe,,,,,,,,8GB DDR4 3200MHz (1 x 8GB),Full HD (1920 x 1080),,,,Intel Wi-fi 6 2x2 (Gig+),Mỹ,"2.80GHz up to 4.70GHz, 4 nhân 8 luồng",Trung Quốc,,,,,,,,,
Laptop LG Gram 2021 16Z90P-G.AH73A5 (Core i7-1165G7/ 16GB LPDDR4X/ 256GB SSD NVMe/ 16 WQXGA IPS/ Win10) - Hàng Chính Hãng,LG,Tiki Trading,46939000,HD Audio with DTS X Ultra,MobileMark 2018:  Up to 16.5 hours; MobileMark 2014:  Up to 22 hours; Video playback:  Up to 24.5 hours; JEITA 2.0:  Up to 30 hours,BT 5.1,HD Webcam with Dual Mic.,"Intel Iris Xe Graphics (i7,i5) ",UFS/ Micro SD,,"HP-Out(4Pole Headset, US type), USB 3.2 Gen2x1 (x2), HDMI,  USB 4 Gen3x2 Type C (x2, with Power Delivery, Display Port, Thunderbolt 4)","Intel 11th Generation i7 (Quad Core) 'i7-1165G7 (2.8 GHz, Turbo up to 4.7 GHz, L3 Cache 12MB, 28W) - QC","
355.9 x 243.4 x 16.8 mm
14.01 x 9.58 x 0.66""
","16.0"" (40.6cm) WQXGA (2560*1600) IPS LCD, (Non-Touch)",M.2(2280) Dual SSD slots - NVME: 256GB,,,,80 Wh Li-Ion,,,"1,190g / 2.62 lbs",16GB LPDDR4X (Dual Channel),,16 inch,Windows 10 Home (64bit),,"Intel Wireless-AX201 (802.11ax, 2x2, Dual Band, BT Combo)",Hàn Quốc,,Trung Quốc,,,,,,,,,
"Laptop Lenovo IdeaPad Gaming 3 15IHU6 82K1004YVN (Core i5-11300H/ 8 GB DDR4 3200 MHz/ RTX 3050 4GB GDDR6/ 15.6 FHD IPS, 120Hz/ Win10) - Hàng Chính Hãng",Lenovo,Tiki Trading,22690000,Nahimic Audio,,v5.0,720p with Camera Shutter,"	NVIDIA GeForce RTX 3050 4GB GDDR6, Boost Clock 1500 / 1740MHz, TGP 90W",,,"1x USB-C 3.2 Gen 1 (support data transfer only), 2x USB 3.2 Gen 1, 1x HDMI 2.0, 1x RJ-45, 1x headphone / microphone combo jack (3.5mm), 1x power connector",Core i5 11300H 3.1Ghz Up to 4.4Ghz-8Mb,,"IPS 250nits Anti-glare, 120Hz, 45% NTSC, DC dimmer",512GB SSD M.2 2242 PCIe 3.0x4 NVMe (Còn trống 1 khe 2.5 SATA3),,15IHU6 82K1004YVN ,,3 Cell 45WHr,,,2.25 kg ,"8GB (8x1) DDR4 3200MHz (2x SO-DIMM socket, up to 16GB SDRAM)",,15.6 inch,,,"	802.11AX (2x2)",Trung Quốc,,Trung Quốc,Ethernet (RJ-45),,,,,,,,
"Laptop Gigabyte AORUS 15P YD-73S1224GH (Core i7-11800H/ 16GB (8x2) DDR4 3200MHz/ 1TB SSD M.2 PCIE G3X4/ RTX 3080 8GB GDDR6/ 15.6 FHD IPS, 240Hz/ Win10) - Hàng Chính Hãng",Gigabyte,Tiki Trading,73990000,"	DTS:X Ultra",,"	V5.2","	HD Camera","NVIDIA GeForce RTX 3080 8GB GDDR6 Boost Clock 1545MHz, Maximum Graphics Power 130W",,,"1x Thunderbolt 4 (Type-C) (Optional), 3x USB 3.2 Gen1 (Type-A), 1x HDMI 2.1, 1x mini DP 1.4, 1x 3.5mm Headphone/Microphone Combo Jack, 1x DC-in Jack, 1x RJ-45",Intel Core i7-11800H 2.3GHz up to 4.6GHz 24MB,357 x 244 x27 (mm)," IPS-Level Anti-Glare Display LCD (240Hz, 72% NTSC)",1TB SSD M.2 PCIE G3X4 (2 Slots),,YD-73S1224GH,,"	4 Cell 99 WHrs",,,2.2hg,"16GB (8x2) DDR4 3200MHz (2x SO-DIMM socket, up to 64GB SDRAM)",,,"	Windows 10 Home",,"	Intel AX201 Wireless (802.11ax, a/b/g/n/ac/ax compatible)",Đài Loan,,Trung Quốc,RTL8125-BG REALTEK (2.5G) Ethernet,,,,,,,,
Laptop LG Gram 2021 14ZD90P-G.AX51A5 (Core i5-1135G7/ 8GB LPDDR4X/ 256GB SSD NVMe/ 14 WUXGA IPS/ NonOS) - Hàng Chính Hãng,LG,Tiki Trading,33504000,HD Audio with DTS X Ultra,,v5.1,HD Webcam with Dual Mic,Intel Iris Xe Graphics,,,"HP-Out(4Pole Headset, US type), USB 3.2 Gen2x1 (x2), HDMI,  USB 4 Gen3x2 Type C (x2, with Power Delivery, Display Port, Thunderbolt 4)","Intel 11th Generation i5 (Quad Core) i5-1135G7 (2.4 GHz, Turbo up to 4.2 GHz, L3 Cache 8MB, 28 W)",313.4 x 215.2 x 16.8 mm,IPS,256GB SSD,,14ZD90P-G.AX51A5,,72 Wh Li-Ion,,,999g,8GB LPDDR4X (Dual Channel),Full HD (1920 x 1080),14 inch,,,"Intel Wireless-AX201 (802.11ax, 2x2, Dual Band, BT Combo)",Hàn Quốc,,Trung Quốc,,,,,,,,,
Laptop Asus ZenBook Flip 13 UX363EA-HP130T (Core i5-1135G7/ 8GB LPDDR4X Onboard/ 512GB SSD PCIE G3x4/ 13.3 FHD Touch IPS/ Win10) - Hàng Chính Hãng,Asus,Tiki Trading,26479000,Sonic Master,,v5.0,IR webcam with Windows Hello support,Intel Iris Xe Graphics,,Intel Core i5-1135G7,"2x Thunderbolt 4 supports display / power delivery, 1x USB 3.2 Gen 1 Type-A, 1x HDMI 1.4",Intel Core i5-1135G7 2.4GHz up to 4.2GHz 8MB,30.5 x 21.1 x 1.19 ~ 1.39 (cm),"Touch, IPS, 60Hz, Wide 100% sRGB, Glossy display, 400 Nits",512GB SSD PCIE G3x4,,ZenBook Flip 13 UX363EA-HP130T,,4 Cell 67WHr,,,1.3 kg,8GB LPDDR4X on board,Full HD (1920 x 1080),13.3 inch,Windows 10 Home,,802.11 AX (2X2),Đài Loan,2.4GHz up to 4.2GHz,Trung Quốc,,LPDDR4X,,,,,,,
Microsoft Surface Laptop 2 - Core i5-8250U/RAM 8GB/ SSD 128GB - Hàng Chính Hãng,Microsoft,,30200000,Stereo microphones Omnisonic Speakers with Dolby Audio Premium,,,,,,,,,,,128B,,Microsoft Surface Laptop 2 ,,,,,,,,,,,,,,,,,,,,,,,
Apple Macbook Air 2020 M1 - 13 Inchs (Apple M1/ 8GB/ 256GB) - Hàng Chính Hãng,Apple,Shopdunk Official Store,27090000,Stereo speakers,"* Up to 15 hours wireless web
* Up to 18 hours Apple TV app movie playback
* Built-in 49.9‑watt‑hour lithium‑polymer battery
* 30W USB-C Power Adapter",Bluetooth 5.0 wireless technology,"	720p HD",Apple M1 GPU 7 cores,,,,M1,,Retina 13.3 inch (2560x1600) IPS Led Backlit True Tone,256GB,,,SSD,lithium‑polymer,,Không,1.4 kg,8GB,,,Mac OS,,802.11ax Wi-Fi 6-Tương thích IEEE 802.11a / b / g / n / ac,Trung Quốc,,Trung Quốc,,8GB of 3733MHz LPDDR4X onboard memory,Wifi 802.11ac - Bluetooth 5.0,,,,,,
"Laptop Dell Inspiron 15 3511 P112F001ABL ( Intel Core i3-1115G4 , Ram (1x4GB) DDR4 2666MHz, 256GB M.2 PCIe NVMe SSD, 15.6'' FHD, Intel UHD Graphics, BT 5.0, WLAN 802.11ac, Win10 Home SL, H&S 2019, 1Y, Premium Support ) - Hàng Chính Hãng",Dell,Tiki Trading,14490000,,3 Cell 41WHr,BT 5.0,,Intel UHD Graphics,,,,"Intel Core i3-1115G4 (6MB Cache, 3.0GHz, Turbo Boost 4.1GHz)",Front height 18.99 mmWidth 358.5 mmDepth 235.56 mm,15.6-inch FHD (1920 x 1080) Anti-glare LED Backlight Non-Touch Narrow Border WVA Display,256GB M.2 PCIe NVMe SSD,,P112F001ABL,,3 Cell 41WHr,,,,,,,Win10 Home SL,,WLAN 802.11ac,Mỹ,,Trung Quốc,,4GB (1x4GB) DDR4 2666MHz,,~1.85 kg kg,,,,,
"Laptop Gigabyte AORUS 15P XD-73S1224GH (Core i7-11800H/ 16GB (8x2) DDR4 3200MHz/ 1TB SSD M.2 PCIE G3X4/ RTX 3070 8GB GDDR6/ 15.6 FHD IPS, 240Hz/ Win10) - Hàng Chính Hãng",Gigabyte,Tiki Trading,53990000,DTS:X Ultra,,V5.2,HD Camera,"NVIDIA GeForce RTX 3070 8GB GDDR6 Boost Clock 1560 MHz, Maximum Graphics Power 130 W",UHS-II SD Card Reader (Optional),,"1x Thunderbolt 4 (Type-C) (Optional), 3x USB 3.2 Gen1 (Type-A), 1x HDMI 2.1, 1x mini DP 1.4 1x 3.5mm Headphone/Microphone Combo Jack, 1x DC-in Jack, 1x RJ-45",Intel Core i7-11800H,357 x 244 x27 (mm),"IPS-level Anti-glare Display LCD (240Hz, 72% NTSC)",1TB SSD M.2 PCIE G3X4 (2 Slots),,,SSD,4 Cell 99 WHrs,,,2.2 kg,"16GB (8x2) DDR4 3200MHz (2x SO-DIMM socket, up to 64GB SDRAM)",Full HD (1920 x 1080),15.6 inch,Windows 10 Home,,"Intel AX201 Wireless (802.11ax, a/b/g/n/ac/ax compatible)",Đài Loan,2.3GHz up to 4.6GHz 24MB,Trung Quốc,RTL8125-BG REALTEK (2.5G) Ethernet,DDR4,,,3200MHz,,,,
Laptop HP ProBook 440 G8 2Z6J4PA (Core i7-1165G7/ 8GB(1 x 8GB) DDR4 3200Mhz/ 512GB PCIe NVMe SSD/ 14 HD/ DOS) - Hàng Chính Hãng,HP,Tiki Trading,23859000,,,Bluetooth 5 combo,720p HD camera,Intel Iris Xᵉ Graphics,1 microSD,,"2 SuperSpeed USB Type-A 5Gbps signaling rate (1 charging, 1 power); 1 SuperSpeed USB Type-C 10Gbps signaling rate (USB Power Delivery, DisplayPort 1.4); HDMI 1.4b",Intel Core i7-1165G7,32.19 x 21.39 x 1.99 cm,IPS LCD,512GB PCIe NVMe,,,SSD,"3-cell, 45 Wh",,,1.38 kg,8GB(1 x 8GB),HD (1366 x 768),14 inch,FreeDos,,Intel AX201 Wi-Fi 6 (2x2),Mỹ,"tối đa 4.70GHz, 12MB, 4 cores 8 threads",Trung Quốc,Realtek 10/100/1000 GbE NIC,DDR4,,,3200Mhz,,,,
Laptop DELL Inspiron 15 7501 X3MRY1 (Core i7-10750H/ 8GB/ 512GB SSD PCIe/ GTX 1650Ti 4GB GDDR6/ 15.6 FHD/ Win10) - Hàng Chính Hãng,Dell,Tiki Trading,29990000,Realtek High Definition Audio (Speaker : 2 x 2W),,"	 Bluetooth 5.0","	 HD Web Camera ","	 NVIDIA GEFORCE GTX 1650Ti 4GB GDDR6 ",Micro SD reader (support mSD/mSDHC/mSDXC),,"2 x USB 3.1 Gen 1 Type A ; 1 x USB Type C (port with Thunderbolt/DisplayPort/Power Delivery) ; 1 x HDMI ; 1 x Headphone/Microphone combo jack ; 1 x SSD (M.2 2280), ","	 Intel Core i7 10750H 2.6GHz, 12MB",1.89 x 35.61 x 23.45 cm (H x W x D)," @60Hz Wide View Angle (WVA), Anti glare",512GB SSD PCIe (M.2 2230) – combo M.2 2230/2280,,Inspiron 15 7501 X3MRY1,,3 Cell Int (56Wh),,,1.851 kg,8GB onboard DDR4/ 2933MHz (1 slot),Full HD (1920 x 1080),15.6 inch,Win 10 bản quyền,,"	 802.11 ax",Mỹ,,Trung Quốc,,,,,,,,,
Laptop LG Gram 2021 16Z90P-G.AH75A5 (Core i7-1165G7/ 16GB LPDDR4X/ 512GB SSD NVMe/ 16 WQXGA IPS/ Win10) - Hàng Chính Hãng,LG,Tiki Trading,48859000,HD Audio with DTS X Ultra,MobileMark 2018:  Up to 16.5 hours; MobileMark 2014:  Up to 22 hours; Video playback:  Up to 24.5 hours; JEITA 2.0:  Up to 30 hours,BT 5.1,HD Webcam with Dual Mic.,"Intel Iris Xe Graphics (i7,i5) ",UFS/ Micro SD,,"HP-Out(4Pole Headset, US type), USB 3.2 Gen2x1 (x2), HDMI,  USB 4 Gen3x2 Type C (x2, with Power Delivery, Display Port, Thunderbolt 4)","Intel 11th Generation i7(Quad Core) 'i7-1165G7 (2.8 GHz, Turbo up to 4.7 GHz, L3 Cache 12MB, 28W) - QC","
355.9 x 243.4 x 16.8 mm
14.01 x 9.58 x 0.66""
","16.0"" (40.6cm) WQXGA (2560*1600) IPS LCD, (Non-Touch), DCI-P3 99% (Typical, min 95%) ",M.2(2280) Dual SSD slots - NVME:  512GB,,,,80 Wh Li-Ion,,,"1,190g / 2.62 lbs",16GB LPDDR4X (Dual Channel),,16 inch,,,"Intel Wireless-AX201 (802.11ax, 2x2, Dual Band, BT Combo)",Hàn Quốc,,Trung Quốc,,,,,,,,,
Laptop MSI Prestige 14 Evo A11M-089VN (Core i7-1185G7/ 16GB LPDDR4X/ 512GB PCIe NVMe Gen4x4/ 14 FHD IPS/ Win10) - Hàng Chính Hãng,MSI,,27809000,Nahimic 3,,v5.1,HD type (30fps@720p),Intel Iris Xe Graphics,Micro SD,,"2 x Thunderbolt 4, 1x USB 2.0",Intel Core i7-1185G7 3.0GHz up to 4.8GHz 12MB,319 x 219 x 15.9 mm,"IPS, Anti-Glare, 100% sRGB, 300nits",512GB PCIe NVMe Gen4x4,,A11M-089VN,,3 Cell 52WHr,,,1.29 kg,16GB LPDDR4X-4267,,14 inch,Windows 10 Home,,Intel Wi-Fi 6 AX201(2x2 ax),Đài Loan,,Trung Quốc,,,,,,,,,
Apple MacBook Pro M1 2020 - 13 Inchs (8GB / 16GB - 256GB / 512GB) - Hàng Chính Hãng,Apple,,31490000,"Stereo speakers with high dynamic range, Three microphones, 3.5 mm Headphone jack",,Bluetooth 5.0 wireless technology,720p FaceTime HD camera,The 8-core GPU in M1 chip,,Apple M1,"Two Thunderbolt 3 / USB 4 ports; Support for Charging, DisplayPort, ThunderBolt (up to 40Gbps), USB 3.1 Gen 2 (up to 10 Gbps)","Apple M1 chip with 8-core CPU, 8-core GPU, and 16-core Neural Engine",1.56 cm x 30.41 cm x 21.24 cm,"LED-backlit display with IPS technology; 2560-by-1600 native resolution at 227 pixels per inch with support for millions of colors 500 nits brightness; Wide color gamut (P3), True Tone technology",256GB SSD,,Pro 2020 M1,SSD,"58.2-watt-hour lithium-polymer, 61W USB-C Power Adapter",,,1.4 kg,8GB unified memory,WQXGA (2560 x 1600),13.3 inch,MacOS,,802.11ax WI-FI 6 wireless networking; IEEE 802.11a/b/g/n/ac compatible; Bluetooth 5.0 wireless technology,Mỹ,,Trung Quốc,,,,,,,,,
Laptop Lenovo Ideapad Gaming 3 15IMH05 i7 10750H/8GB/512GB/4GB GTX1650Ti/120Hz/Win10 (81Y4013UVN) - Hàng chính hãng,Lenovo,Thế Giới Di Động Official,25990000, Dolby Audio,,Bluetooth 5.0, HD webcam, Card rời - NVIDIA GeForce GTX 1650Ti,,,Jack tai nghe 3.5 mm  2 x USB 3.2  HDMI  LAN (RJ45)  USB Type-C,Intel Core i7 Comet Lake - 10750H,,Tấm nền IPS  Chống chói Anti-Glare  250 nits,SSD 512 GB NVMe PCIeHỗ trợ khe cắm HDD SATA,,15IMH05 ,, 45 Wh,,,2.2 kg, 8 GB,,,"
Windows 10 Home SL",,Wi-Fi 6 (802.11ax),Trung Quốc,2.60 GHz Tốc độ tối đa Turbo Boost 5.0 GHz,Trung Quốc,LAN (RJ45), DDR4 (2 khe)," Bluetooth 5.0, Wi-Fi 6 (802.11ax)",,,4 GB,,,
"Laptop Lenovo Ideapad Gaming 3 15IHU6 82K100FBVN (Core i7-11370H/ 8GB DDR4-3200Hz/ RTX 3050 4GB GDDR6/ 512Gb SSD M.2 2242 PCIe NVMe/ 15.6 FHD IPS, 120Hz/ Win10) - Hàng Chính Hãng",Lenovo,Tiki Trading,26679000,"	Nahimic Audio",,v5.0,720p with Camera Shutter,"NVIDIA GeForce RTX 3050 4GB GDDR6 Boost Clock 1500 / 1740MHz, TGP 90W",,,"1x USB-C 3.2 Gen 1 (support data transfer only), 2x USB 3.2 Gen 1, 1x HDMI 2.0, 1x RJ-45, 1x headphone / microphone combo jack (3.5mm), 1x power connector",Intel Core i7-11370H 3.0GHz up to 4.8GHz 12MB,,"IPS 250nits Anti-glare, 120Hz, 45% NTSC, DC dimmer",512GB SSD M.2 2242 PCIe 3.0x4 NVMe (Còn trống 1 khe 2.5 SATA3),,82K100FBVN ,,3 Cell 45WHr,,,"	2.25 kg","	8GB (8x1) DDR4 3200MHz (2x SO-DIMM socket, up to 16GB SDRAM)",,,,,802.11AX (2x2),Trung Quốc,,Trung Quốc,"	100/1000M",,,,,,,,
Apple MacBook Air M1 2020 - 13 Inchs (8GB / 16GB - 256GB / 512GB) - Hàng Chính Hãng,Apple,Tiki Trading,27490000,,,Bluetooth 5.0 wireless technology,720p FaceTime HD camera,The 7-core GPU in M1 chip,,,"Two Thunderbolt 3 ports (USB 4) with support for: Charging, Display, ThunderBolt (up to 40 Gbps), USB-C 3.1 Gen 2 (up to 10 Gbps)",,,13.3-inch (diagonal) LED-backlit display with IPS technology; 2560-by-1600 native resolution at 227 pixels per inch with support for millions of colors 400 nits brightness; Wide color (P3); True Tone technology,256GB,,,,,,,,8GB,,,,,802.11ax Wi-Fi 6 wireless networking,Mỹ,,Trung Quốc,IEEE 802.11a/b/g/n/ac compatible,,,,,,,,
Surface Pro 7 Core I5 Ram 8Gb Ssd 256Gb Brand New - Hàng chính hãng  ( giao màu ngẫu nhiên ),Surface,NewTechShop,32890000,,,,,,,,,,,,,,,,,,,,,,,,,,Mỹ,,Mỹ,,,,,,,,,
Surface Book 2 15 Inch Core I7 Ram 16Gb 512Gb (New) - Hàng chính hãng,Surface,SURFACEVIET,58000000,,,,,,,,,,,,,,,,,,,,,,,,,,Mỹ,,Mỹ,,,,,,,,,
Laptop LG Gram 2021 16ZD90P-G.AX54A5 (Core i7-1165G7/ 8GB LPDDR4X/ 512GB SSD NVMe/ 16 WQXGA IPS/ NonOS) - Hàng Chính Hãng,LG,Tiki Trading,38294000,HD Audio with DTS X Ultra,MobileMark 2018:  Up to 16.5 hours; MobileMark 2014:  Up to 22 hours; Video playback:  Up to 24.5 hours; JEITA 2.0:  Up to 30 hours,BT 5.1,HD Webcam with Dual Mic.,"Intel Iris Xe Graphics (i7,i5) ",UFS/ Micro SD,,"HP-Out(4Pole Headset, US type), USB 3.2 Gen2x1 (x2), HDMI,  USB 4 Gen3x2 Type C (x2, with Power Delivery, Display Port, Thunderbolt 4)","Intel 11th Generation i5(Quad Core) i5-1135G7 (2.4 GHz, Turbo up to 4.2 GHz, L3 Cache 8MB, 28 W) - QC","
355.9 x 243.4 x 16.8 mm
14.01 x 9.58 x 0.66""
","16.0""(40.6cm) WQXGA (2560*1600) IPS LCD, (Non-Touch), DCI-P3 99% (Typical, min 95%)",M.2(2280) Dual SSD slots - NVME:  512GB,,,,80 Wh Li-Ion,,,"1,190g / 2.62 lbs",8GB LPDDR4X (Dual Channel),,16 inch,Non-OS,,"Intel Wireless-AX201 (802.11ax, 2x2, Dual Band, BT Combo)",Hàn Quốc,,Trung Quốc,,,,,,,,,
Laptop HP Pavilion 15-eg0504TU 46M00PA (Core i7-1165G7/ 8GB DDR4 3200MHz/ 512GB PCIe NVMe M.2 SSD/ 15.6 FHD IPS/ Win10 + Office) - Hàng Chính Hãng,HP,Tiki Trading,22039000,,, Bluetooth 5 combo,HP Wide Vision 720p HD camera with integrated dual array digital microphones,,,,"1 SuperSpeed USB Type-C 10Gbps signaling rate (USB Power Delivery, DisplayPort 1.4, HP Sleep and Charge); 2 SuperSpeed USB Type-A 5Gbps signaling rate",I7-1165G7,,,Ssd 512gb,,HP Pavilion,,"3 Cell, 41WHr",,Không,1.75 kg,8GB,,,,,Realtek RTL8822CE 802.11a/b/g/n/ac (2x2) Wi-Fi,Mỹ,Up to 4.70 GHz,Trung Quốc,,DDR4,,,,,HP,,
Laptop Dell Vostro 5410 V4I5014W (I5-11300H/8GB/512GB PCIE/14.0FHD/WIN10/XÁM) - Hàng Chính Hãng,Dell,Tiki Trading,22089900,,,v5.1,,,,,,"Intel Core i5-11300H Tiger Lake 10nm SuperFin (2.6Ghz Up to 4.40 GHz, 4 Cores, 8 Threads, 8MB Cache)",17.02 mm x 321.27 mm x 212.80 mm,"Màn hình chống chói LED Backlight, WVA Display",512GB SSD NVMe,,V4I5014W,,"4 Cell Battery, 54WHr",,,1.44 kg,,,14 inch,Win 10,,Intel Wi-Fi 6 2x2 (Gig+),Mỹ,,Trung Quốc,,8GB DDR4 Buss 3200MH ( 2 khe cắm ) ,Wi-Fi / Bluetooth,,,Intel Iris Xe Graphics,,,
Laptop MSI Prestige 15 A11SCX-209VN (Core i7-1185G7/ 16GB (8GB x2) DDR4 3200MHz/ 512GB PCIe Gen4x4/ GTX 1650 4GB GDDR6 with Max-Q Design/ 15.6 FHD IPS/ Win10) - Hàng Chính Hãng,MSI,Tiki Trading,32899000,Nahimic 3,,v5.1,IR HD type (30fps@720p),NVIDIA GeForce GTX 1650 4GB GDDR6 with Max-Q Design,Micro SD Card Reader,,2x Type-C (USB4 / DP / Thunderbolt4) with PD charging; 1x (4K @ 60Hz) HDMI; 2x Type-A USB3.2 Gen2,Intel Core i7-1185G7 3.0GHz up to 4.8GHz 12MB,356.8 x 233.7 x 16.9 mm,"15.6"" FHD (1920 x 1080) IPS, 60Hz, Thin Bezel, Anti-Glare with 72% NTSC, 100% sRGB",512GB PCIe Gen4x4 (Còn trống 1 khe SSD M.2 PCIE Gen3x4),,,,4 Cell 82WHr,,,1.69 kg,"16GB (8GB x2) DDR4 3200MHz (2x SO-DIMM socket, up to 32GB SDRAM)",,15.6 inch,Windows 10 Home,,Intel Wi-Fi 6 AX201 (2x2),Đài Loan,,Trung Quốc,,,,,,,,,
"Laptop Gigabyte G7 MD-71S1223SH (Core i7-11800H/ 16GB (8x2) DDR4 3200MHz/ 512GB SSD M.2 PCIE G3X4/ RTX 3050Ti 4GB GDDR6/ 17.3 FHD IPS, 144Hz, 3ms/ Win10) - Hàng Chính Hãng",Gigabyte,Tiki Trading,31990000,DTS:X Ultra,,V5.2,HD Camera,"NVIDIA GeForce RTX 3050Ti 4GB GDDR6 Boost Clock 1500 MHz, Maximum Graphics Power 75 W",,,"1x USB 3.2 Gen 2 Type-C, 1x USB3.2 Gen1 Type-A, 1x USB3.2 Gen2 Type-A, 1x USB2.0 Type-A, 1x HDMI 2.0 (with HDCP), 1x mini DP 1.4, 1x Audio combo jack, 1x Microphone jack, 1x DC-in Jack, 1x RJ-45",Intel Core i7-11800H ,395 x 262 x 25.9 (mm),"IPS, Anti-Glare with 72% NTSC, 100% sRGB, 144Hz, 3ms, 300nits","512GB SSD M.2 PCIE G3X4 (Còn trống 1 khe SSD M.2 PCIE và 1 khe 2.5"" SATA)",,,SSD,4 Cell 48.96 WHrs,,,2.5 kg,"16GB (8x2) DDR4 3200MHz (2x SO-DIMM socket, up to 64GB SDRAM)",Full HD (1920 x 1080),17.3 inch,Windows 10 Home,,"Intel AX200 Wireless (802.11ax, a/b/g/n/ac/ax compatible)",Đài Loan,2.3GHz up to 4.6GHz 24MB,Trung Quốc,RTL8411B REALTEK (1G) Ethernet,DDR4,,,3200MHz,,,,
Laptop Dell VOS13 5310 YV5WY1 (i5-11300H/8GD4/512SSD/13.3FHD+/FP/4C54WHr/XÁM/W10SL+OFFICE  ST/LED_KB/ProSup) - Hàng Chính Hãng,Dell,Tiki Trading,21990000,Realtek High Definition Audio (speaker 2 x 2W),,Bluetooth 5.1,HD Web Camera with array dual microphone,Intel Iris Xe Graphics,N/A,,1 x USB 3.1 Gen 1 Type-A ; 1 x Thunderbolt 4 (Type-C) port with Power Delivery and DisplayPort  (primary-power port) ; 1 x Thunderbolt 4 (Type-C) port with Power Delivery and DisplayPort ; 1 x  HDMI ; 1 x Headphone/Microphone combo audio jac,11th Gen Intel Core i5-11300H Processor,"


Kích thước & Trọng lượng
1. Chiều cao: 13,9 - 15,9 mm (0,55 ""- 0,625"") | 2. Chiều rộng: 296,78 mm (11,68 "") | 3. Chiều sâu: 210 mm (8,27"") | Trọng lượng khởi điểm: 1,25 kg (2,75 lb)


",13.3ʺ inch FHD+ (1920 x 1200) Wide-Viewing Angle ; Anti-glare,512GB SSD PCIe (M.2 2230),,YV5WY1,,,,N/A,1.215 kg,8GB onboard LPDDR4,,,Windows 10 Home Single Language 64-bit + OFFICE Home and Student 2019,,802.11 ax,Mỹ,,Trung Quốc,N/A,,,,,,,,
Laptop ASUS ZenBook UX425EA-KI439T (Core i7-1165G7/ 16GB LPDDR4X 3200MHz/ 512GB SSD M.2 PCIE G3X2/ 14 FHD IPS/ Win10) - Hàng Chính Hãng,Asus,Tiki Trading,28789000,Harman Kardon,,v5.0,3D IR HD camera with Windows Hello support,Intel Iris Xe Graphics,,,"2x Thunderbolt 4 USB-C (up to 40Gbps), 1x USB 3.2 Gen 1 Type-A (up to 5Gbps), 1x Standard HDMI 2.0a",Intel Core i7-1165G7 ,31.9 x 20.8 x 1.39 (cm),"IPS, Anti-Glare, 100% sRGB, 400nits",512GB,,,SSD,4 Cell 67WHr Lithium-Polymer,,,1.17kg,16GB,Full HD (1920 x 1080),14 inch,Windows 10 Home,Tích hợp,Intel WiFi 6 with Gig+ performance (802.11ax),Đài Loan,2.8GHz up to 4.7GHz 12MB,Trung Quốc,,DDR4,,,3200MHz,Share,,,
Laptop LG Gram 2021 17Z90P-G.AH78A5 (Core i7-1165G7/ 16GB LPDDR4X/ 1TB SSD NVMe/ 17 WQXGA IPS/ Win10) - Hàng Chính Hãng,LG,Tiki Trading,52699000,HD Audio with DTS:X Ultra,,v5.1,HD Webcam with Dual Mic,Intel Iris Xe Graphics,"UFS, Micro SD",,"2x USB 3.2 Gen2, 2x USB Type-C Thunderbolt 4, 1x HDMI",Intel Core i7-1165G7,380.2 x 260.1 x 17.8 mm,"IPS, DCI-P3 99%","1TB PCIe NVMe M.2 SSD (2 slot, còn trống 1 khe M.2)",,,SSD,80WHr 10.336mAh,,,1.35 kg,16GB (8GBx2),WQXGA (2560 x 1600),17 inch,Windows 10 Home,Tích hợp,Intel Wi-Fi 6 AX201D2W,Hàn Quốc,2.8GHz up to 4.7GHz 12MB,Trung Quốc,10/100 with RJ45 Gender,LPDDR4X,,,4266MHz,,,,
"Laptop Acer Nitro 5 AN515 57 50FT i5 11400H/16GB/512GB/4GB RTX3050/15.6""F/144Hz/Balo/Win10/(NH.QD8SV.003)/Đen - Hàng chính hãng",Acer,Thế Giới Di Động Official,26490000," Acer TrueHarmony, DTS X:Ultra Audio",,Có,HD webcam, Card rời - NVIDIA GeForce RTX3050,,,Jack tai nghe 3.5 mm  3 x USB 3.2  HDMI  LAN (RJ45)  USB Type-C, Intel Core i5 Tiger Lake - 11400H,,Tấm nền IPS  LED Backlit  Acer ComfyView Tần số quét 144Hz,"SSD 512 GB NVMe PCIe (Có thể tháo ra, lắp thanh khác tối đa 1TB)  Hỗ trợ khe cắm HDD SATA (nâng cấp tối đa 2TB)  Hỗ trợ thêm 1 khe cắm SSD M.2 PCIe mở rộng (nâng cấp tối đa 1TB)","
Wi-Fi 6 (802.11ax), Bluetooth 5.1",AN515 57 50FT,SSD,4-cell Li-ion,,,2.2 kg,16 GB,,,"
Windows 10 Home SL",,Có,Đài Loan, 2.70 GHz Tốc độ tối đa Turbo Boost 4.5 GHz,Trung Quốc,LAN (RJ45), DDR4 2 khe (1 khe 8GB + 1 khe 8GB)," Wi-Fi 6 (802.11ax), Bluetooth 5.1",,,4 GB,,57 Wh,
"Laptop Dell Inspiron 15 3511 P112F001BBL ( Intel Core i5-1135G7, 4GB DDR4 2666MHz, 512GB M.2 PCIe NVMe SSD, 15.6"" FHD, Intel Iris Xe Graphics, BT 5.0, WLAN 802.11ac, Win10 Home SL, H&S 2019, 1Y, PremiumSupport ) Hàng Chính Hãng",Dell,Tiki Trading,18590000,,3 Cell 41WHr,BT 5.0,,Intel(R) Iris Xe Graphics,,,,"Intel Core i5-1135G7 (8MB Cache, 2.4GHz, Turbo Boost 4.2GHz)",,15.6-inch FHD (1920 x 1080) Anti-glare LED Backlight Non-Touch Narrow Border WVA Display,512GB M.2 PCIe NVMe SSD,,P112F001BBL,,3 Cell 41WHr,,,,,,,Win10 Home SL,,WLAN 802.11ac,Mỹ,,Trung Quốc,,4GB (1x4GB) DDR4 2666MHz,,,,,,,
Laptop HP Gaming VICTUS 16-e0177AX 4R0U9PA (AMD R5-5600H/ 8 GB DDR4-3200Mhz/ GTX 1650 4GB/ 512 GB PCIe NVMe M.2 SSD/ 16.1 FHD 144Hz/ Win10) - Hàng Chính Hãng,HP,Tiki Trading,21989000,Audio by B&O; Dual speakers; HP Audio Boost 1.0,,Bluetooth 5 Combo (Supporting Gigabit file transfer speeds),,"	NVIDIA GeForce GTX 1650 4GB",,,,"	AMD Ryzen 5 5600H 3.3Gnz up to 4.2Ghz, 6 core 8 thread, L2 cache 3Mb, L3 cache 16Mb",,,"	512 GB PCIe NVMe M.2 SSD",,,,"4-cell, 72 Wh Li-ion",,,2.46 kg,8 GB DDR4-3200Mhz,,16.1 inch,,,Intel Wi-Fi 6 AX 201 (2x2),Mỹ,,Trung Quốc,Integrated 10/100/1000 GbE LAN,,,,,,,,
Camera trước Oppo A5 2020 zin hãng,OEM,,149000,,,,,,,,,,,,,,,,,,,,,,,,,,Việt Nam,,Việt Nam,,,,,,,,,
Laptop Lenovo ThinkPad T490s 20NXS00200 Core i7-8565U/ Dos (14 FHD IPS) - Hàng Chính Hãng,Lenovo,CICI LAPTOP,26500000,Dolby Audio Premium,,v4.1 with vPro,720p HD,Intel UHD Graphics 620,,8565U,"2x USB 3.1, 1x USB 3.1 Gen 1 Type-C, 1x USB 3.1 Gen 2 Type-C / Intel Thunderbolt 3, HDMI, RJ-45, Finger Print",Intel Core i7,,"IPS, Anti-Glare",256GB,,,SSD M.2 PCIe NVMe,3 Cell 57WHr,,,,8GB,Full HD (1920 x 1080),14 inch,Free DOS,Tích hợp,Intel Dual Band 8265 Wireless-AC (2x2),,1.8GHz up to 4.6GHz 8MB,,Gigabit Ethernet,DDR4 2400MHz,,,,,,,
Compo tập nối ( có nhíp volum gắp trên 10d),OEM,,699000,,,,,,,,,,,,,,,,,,,,,,,,,,Việt Nam,,Việt Nam,,,,,,,,,
Laptop Gigabyte AERO 15 OLED KD-72S1623GH (Core i7-11800H/ 16GB (8x2) DDR4 3200MHz/ 512GB SSD M.2 PCIE G3X4/ RTX 3060 6GB GDDR6/ 15.6 UHD Samsung AMOLED/ Win10) - Hàng Chính Hãng,Gigabyte,Tiki Trading,49990000,DTS:X Ultra,,v5.2,"	HD Camera","NVIDIA GeForce RTX 3060 6GB GDDR6 Boost Clock 1530 MHz, Maximum Graphics Power 105 W",,,"1x Thunderbolt 4 (Type-C) (Optional), 3x USB 3.2 Gen1 (Type-A), 1x HDMI 2.1, 1x mini DP 1.4, 1x 3.5mm Headphone/Microphone Combo Jack, 1x DC-in Jack, 1x RJ-45","	Intel Core i7-11800H 2.3GHz up to 4.6GHz 24MB",356 x 250 x 19.9 (mm),"Samsung AMOLED Display (VESA DisplayHDR 400 True Black, 100% DCI-P3)",512GB SSD M.2 PCIE G3X4 (2 Slots),,KD-72S1623GH,,"	4 Cell 99 WHrs",,,2.0 kg,"	16GB (8x2) DDR4 3200MHz (2x SO-DIMM socket, up to 64GB SDRAM)",,15.6 inch,"	Windows 10 Home",,"	Intel AX201 Wireless (802.11ax, a/b/g/n/ac/ax compatible)",Đài Loan,,Trung Quốc,RTL8125-BG REALTEK (2.5G) Ethernet,,,,,6GB,,,
Laptop Lenovo Yoga Slim 7 14ITL05 82A300A6VN (Core i7-1165G7/ 8GB DDR4 3200MHz Onboard/ 512GB M.2 2280 PCIe 4.0x4 NVMe/ 14 FHD IPS/ Win10) - Hàng Chính Hãng,Lenovo,,25459000,Dolby Atmos Speaker,,v5.0,"IR & HD720p (1.0MP) camera with ToF sensor, fixed focus",Intel Iris Xe Graphics,MicroSD Card Reader,,"2x USB 3.2 Type-A Gen 1 (one always on), 2x Thunderbolt 4 / USB 4 40 Gbps (w/ the function of PD 3.0 and DP 1.4), 1x HDMI 1.4b, 1x headphone / microphone combo jack",Intel Core i7-1165G7 ,320.6 x 208.18 x 14.9mm,"IPS, 300nits, Glossy, 100% sRGB",512GB SSD M.2 2280 PCIe 3.0x4 NVMe,,,SSD,4Cell 60.7Wh,,,1.36 Kg,8GB,Full HD (1920 x 1080),14 inch,Window 10 Home,Tích hợp,Wi-Fi 6 2x2 (802.11ax),Trung Quốc,2.8GHz up to 4.7GHz 12MB,Trung Quốc,,DDR4,,,3200MHz,,,,
Laptop HP 240 G8 519A4PA (Core i3-1005G1/ 4 GB DDR4/ 256 GB SSD PCIe NVMe/ 14 FHD/ Win10) - Hàng Chính Hãng,HP,Tiki Trading,13499000,"Stereo speakers, integrated digital microphone",,Bluetooth 4.2,720p HD camera,Intel UHD Graphics for 10th Gen Intel Processors,,,"2 x USB 3.1 Gen 1 Type-A, 1 x USB 3.1 Gen 1 Type-C, 1 x HDMI 1.4, 1 headphone/microphone combo","Intel Core i3-1005G1 (4M Cache, 1.2 upto 3.4 GHz)",32.4 x 22.59 x 1.99 cm,"Narrow bezel, anti-glare, 250 nits, 45% NTSC",1 x 256 GB PCIe NVMe M.2 SSD,,,SSD,"Li-ion 3 cell, 41 Wh",,,1.47 kg,4 GB DDR4-3200 MHz RAM (1 x 4 GB),Full HD (1920 x 1080),14 inch,Windows 10 Home 64 bit,Tích hợp,Realtek 802.11a/b/g/n/ac (1x1),Mỹ,,Trung Quốc,10/100/1000 Mbps,DDR4,,,3200 MHz,Share,,,
Laptop HP Gaming VICTUS 16-e0175AX 4R0U8PA (AMD R5-5600H/ 8 GB DDR4-3200Mhz/ RTX 3050 4GB/ 512 GB PCIe NVMe M.2 SSD + 32GB SSD/ 16.1 FHD 144Hz/ Win10) - Hàng Chính Hãng,HP,,23399000,Audio by B&O; Dual speakers; HP Audio Boost 1.0,,Bluetooth 5 Combo (Supporting Gigabit file transfer speeds),HP Wide Vision HD camera with integrated dual array digital microphone,NVIDIA GeForce GTX 1650 4GB,Có,,,"AMD Ryzen 5 5600H 3.3Gnz up to 4.2Ghz, 6 core 8 thread, L2 cache 3Mb, L3 cache 16Mb",37x26x2.35cm,,512 GB PCIe NVMe M.2 SSD,,,SSD,"4-cell, 72 Wh Li-ion",,,2.46 kg,8 GB,Full HD (1920 x 1080),16.1 inch,Windows 10 Home Single Language 64,,Wi-Fi 6 AX 201 (2x2),Mỹ,,Trung Quốc,Integrated 10/100/1000 GbE LAN,DDR4,,,3200Mhz,,,,
Lenovo IdeaPad 5 14ALC05 - R7-5700U | 8GB | 512GB SSD - Hàng Chính Hãng,Lenovo,Công Nghệ TechZones,18690000,"Stereo speakers, 2W x2, Dolby Audio, High Definition (HD) Audio, Realtek ALC3287 codec, Microphone 2x, Array",,v5.0,720p with Privacy Shutter,Tích hợp,4-in-1 Card Reader,,"1x USB 3.2 Gen 1, 1x USB 3.2 Gen 1 (Always On), 1x USB-C 3.2 Gen 1 (support data transfer, Power Delivery 3.0 and DisplayPort 1.2), 1 x HDMI 1.4b","AMD Ryzen 7 5700U, 8 nhân 16 luồng, 8MB L3 Cache, 1.8 GHz lên đến 4.3GHz",,"14-inch, FHD (1920 x 1080), IPS 300nits Anti-glare, 45% NTSC",512 GB M.2 2242 PCIe 3.0x4 NVMe,"802.11ac 2x2 Wi-Fi + Bluetooth 5.0, M.2 card",14ALC05,,Lithium-ion 3 Cell 44.5Wh,,,1.39 kg,"8GB Onboard, DDR4 3200MHz",,,Windows 10 Home 64,Tích hợp,"802.11ac 2x2 Wi-Fi + Bluetooth 5.0, M.2 card",Trung Quốc,,Trung Quốc,,,,,,AMD Radeon Graphics 8 Core 1900 MHz,,,
"Laptop Gigabyte AORUS 15P KD-72S1223GH (Core i7-11800H/ 16GB (8x2) DDR4 3200MHz/ 512GB SSD M.2 PCIE G3X4/ RTX 3060 8GB GDDR6/ 15.6 FHD IPS, 240Hz/ Win10) - Hàng Chính Hãng",Gigabyte,Tiki Trading,45990000,DTS:X Ultra,,V5.2,,"NVIDIA GeForce RTX 3060 8GB GDDR6 Boost Clock 1605 MHz, Maximum Graphics Power 115 W",UHS-II SD Card Reader (Optional),,"1x Thunderbolt 4 (Type-C) (Optional), 3x USB 3.2 Gen1 (Type-A), 1x HDMI 2.1, 1x mini DP 1.4 1x 3.5mm Headphone/Microphone Combo Jack, 1x DC-in Jack, 1x RJ-45",Intel Core i7-11800H,357 x 244 x27 (mm),"IPS-level Anti-glare Display LCD (240Hz, 72% NTSC)",512GB SSD M.2 PCIE G3X4 (2 Slots),,,SSD,4 Cell 99 WHrs,,,2.2 kg,"16GB (8x2) DDR4 3200MHz (2x SO-DIMM socket, up to 64GB SDRAM)",Full HD (1920 x 1080),15.6 inch,Windows 10 Home,,"Intel AX201 Wireless (802.11ax, a/b/g/n/ac/ax compatible)",Đài Loan,2.3GHz up to 4.6GHz 24MB,Trung Quốc,RTL8125-BG REALTEK (2.5G) Ethernet,DDR4,,,3200MHz,,,,
Apple MacBook Pro 2020 M1 - 13 Inchs (Apple M1/ 16GB/ 512GB) - Hàng Chính Hãng,Apple,Thế Giới Di Động Official,44990000,"Dolby Atmos, Loa kép (2 kênh)",Khoảng 10 tiếng,Bluetooth 5.0 wireless technology,720p FaceTime HD camera,Card tích hợp - 8 nhân GPU,,,"2 x Thunderbolt 3 (USB-C), Jack tai nghe 3.5 mm", Apple M1,Ngang 30.41 x Dày 1.56 x Sâu 21.24 cm,13.3-inch (diagonal) LED-backlit display with IPS technology; 2560-by-1600 native resolution at 227 pixels per inch with support for millions of colors,512 GB,Wi-Fi 6 (802.11ax), Z11C000CH,SSD,,,,,16 GB,,13.3 inch,MacOS,,Wi-Fi 6 (802.11ax),Mỹ,,Trung Quốc,,,,,,,Apple,,
Laptop MSI Katana Gaming GF66 11UC i7 11800H/8GB/512GB/4GB RTX3050/144HzBalo/Win10 (224VN) - Hàng chính hãng,MSI,Thế Giới Di Động Official,29790000, Nahimic Audio,,Bluetooth 5.2,HD webcam, Card rời - NVIDIA GeForce RTX3050,,, Jack tai nghe 3.5 mm  2 x USB 3.2  HDMI  LAN (RJ45)  USB 2.0  USB Type-C,Intel Core i7 Tiger Lake - 11800H,,LED/ Tấm nền IPS,SSD 512 GB NVMe PCIeKhông hỗ trợ khe cắm SSD M2 mở rộng thêm,,GF66 11UC,,"3-cell Li-ion, 53 Wh",,,2.1 kg, 8 GB,,,Windows 10 Home SL,,Wi-Fi 6 (802.11ax),Đài Loan,2.30 GHz Tốc độ tối đa Turbo Boost 4.6 GHz,Trung Quốc,LAN (RJ45),DDR4 2 khe (1 khe 8GB + 1 khe rời), Bluetooth 5.2Wi-Fi 6 (802.11ax),,,4 GB,,,
LAPTOP CHROMEBOOK TOUCH (NL6D) - Hàng Chính Hãng,Intel,GIMASYS,11500000,,,,,,,,,,,,,,,,,,,,,,,,,,Singapore,,china,,,,,,,,,
Laptop Gigabyte AERO 15 OLED YD-73S1624GH (Core i7-11800H/ 16GB (8x2) DDR4 3200MHz/ 1TB SSD M.2 PCIE G3X4/ TX 3080 8GB GDDR6/ 15.6 UHD Samsung AMOLED/ Win10) - Hàng Chính Hãng,Gigabyte,Tiki Trading,76990000,"	DTS:X Ultra",,V5.2,"	HD Camera","	NVIDIA GeForce RTX 3080 8GB GDDR6 Boost Clock 1245 MHz, Maximum Graphics Power 105 W",,,"1x Thunderbolt 4 (Type-C) (Optional), 3x USB 3.2 Gen1 (Type-A), 1x HDMI 2.1, 1x mini DP 1.4, 1x 3.5mm Headphone/Microphone Combo Jack, 1x DC-in Jack, 1x RJ-45","	Intel Core i7-11800H 2.3GHz up to 4.6GHz 24MB",356 x 250 x 19.9 (mm),"Samsung AMOLED Display (VESA DisplayHDR 400 True Black, 100% DCI-P3)",1TB SSD M.2 PCIE G3X4 (2 Slots),,YD-73S1624GH ,,4 Cell 99 WHrs,,,2.0 kg,"16GB (8x2) DDR4 3200MHz (2x SO-DIMM socket, up to 64GB SDRAM)",,15.6 inch,"	Windows 10 Home",,"	Intel AX201 Wireless (802.11ax, a/b/g/n/ac/ax compatible)",Đài Loan,,Trung Quốc,RTL8125-BG REALTEK (2.5G) Ethernet,,,,,8GB,,,
Laptop HP Pavilion 15-eg0506TXi5-1135G7/8GD4/512GSSD/15.6FHD/Bạc/W10SL/2G_MX450(46M05PA)-Hàng chính hãng,HP,Máy in A0,22200000,,,,,,,,,,,,,,46M05PA,,,,,,,,,,2G_MX450,,Mỹ,,china,,,,,,,HP,,
"Laptop Gigabyte G5 MD-51S1123SH (Core i5-11400H/ 16GB (8x2) DDR4 3200MHz/ 512GB SSD M.2 PCIE G3X4/ RTX 3050Ti 4GB GDDR6/ 15.6 FHD IPS, 144Hz, 3ms/ Win10) - Hàng Chính Hãng",Gigabyte,Tiki Trading,29990000,DTS:X Ultra,,V5.2,HD Camera,"NVIDIA GeForce RTX 3050Ti 4GB GDDR6 Boost Clock 1500 MHz, Maximum Graphics Power 75 W",,,"1x USB 3.2 Gen 2 Type-C, 1x USB3.2 Gen1 Type-A, 1x USB3.2 Gen2 Type-A,1x USB2.0 Type-A, 1x HDMI 2.0 (with HDCP), 1x mini DP 1.4, 1x Audio combo jack, 1x Microphone jack, 1x DC-in Jack, 1x RJ-45",Intel Core i5-11400H,361 x 258 x 24.9 (mm),"IPS, Anti-Glare with 72% NTSC, 100% sRGB, 144Hz, 3ms, 300nits","512GB SSD M.2 PCIE G3X4 (Còn trống 1 khe SSD M.2 PCIE và 1 khe 2.5"" SATA)",,,SSD,4 Cell 48.96 WHrs,,,2.2 kg,"16GB (8x2) DDR4 3200MHz (2x SO-DIMM socket, up to 64GB SDRAM)",Full HD (1920 x 1080),15.6 inch,Windows 10 Home,,"Intel AX200 Wireless (802.11ax, a/b/g/n/ac/ax compatible)",Đài Loan,2.7GHz up to 4.5GHz 12MB,Trung Quốc,RTL8411B REALTEK (1G) Ethernet,DDR4,,,3200MHz,,,,
Laptop Dell Vostro 3400 V4I7015W (i7 1165G7/8GB/512GB/2GB MX330/Win10) - Hàng Chính Hãng,Dell,Tiki Trading,23290000,,,Bluetooth 5.0,,"Card rời - NVIDIA GeForce MX330, 2 GB",,,,Intel Core i7 Tiger Lake 1165G7,"
Kích thước & Trọng lượng


Chiều cao: 0,71 ""- 0,78"" (18,1 mm - 19,0 mm)
Chiều rộng: 12,94 ""(328,7 mm
Chiều sâu: 9,43"" (239,5 mm)
Trọng lượng khởi điểm: 1,59 kg (3,49 lb) 
","14"" Full HD (1920 x 1080) Chống chói Anti Glare",512Gb SSD NVMe,,V4I7015W,,"3-cell Li-ion, 42 Wh",,,,,,,Windows 10 Home SL,,Wi-Fi 802.11 a/b/g/n/ac,Mỹ,Tốc độ CPU:  2.80 GHz / Tốc độ tối đa:  Turbo Boost 4.7 GHz,Trung Quốc,,8GB DDR4 3200Mhz,Bluetooth 5.0 / Wi-Fi 802.11 a/b/g/n/ac,,,,,,
"Microsoft Surface Laptop 3 (Core i5-1035G7/13"") - Hàng Nhập Khẩu",Microsoft,NewTechShop,24490000,,11.5 tiếng sử dụng,5.0,"Chính: 720p HD, Windows Hello; Phụ: 10 MP, quay video Full HD",Intel Iris Plus Graphics,,,"1 x USB-C, 1 x USB-A, 3.5 mm headphone jack, 1 x Surface Connect port, Compatible with Surface Dial off-screen interaction*",Quad-core 10th Gen Intel Core i5-1035G7 Processor,308.1 x 223.27 x 14.48 mm,"PixelSense, Kính cường lực Gorilla Glass 3",128GB,,, SSD,,,,1283 g,8 GB,2256 x 1504 pixels,13 inch,Windows 10 Home,,Wi-Fi 802.11 a / b / g / n / ac,Mỹ,,Trung Quốc,, LPDDR4x RAM,,,,,,,16 triệu màu
Laptop Dell Vostro 3405 V4R53500U001W (Ryzen 5-3500U/4GB/256GB PCIE/14.0 FHD/WIN 10/ĐEN) - Hàng Chính Hãng,Dell,Tiki Trading,15990000,,,v5.0,,,,,,"AMD Ryzen 5-3500U, 2.10GHz upto 3.70GHz, 4 MB cache, 4 cores 8 threads",32.8 x 23.9 x 1.99 cm,14.0 inch FHD (1920 x 1080) Anti-Glare,256GB SSD M2 PCIe NVMe,,V4R53500U001W,,3 cell - 45Whr,,,1.64 kg,,,14 inch,Windows 10 SL,,802.11ac 1x1 WiFi,Mỹ,,Trung Quốc,,4GB DDR4 2400Mhz,Wi-Fi / Bluetooth,,,AMD Radeon Graphics,,,
Microsoft Surface Laptop Core i5 / Win10 S 13.5 inch 8GB RAM (Đỏ) - Hàng Nhập Khẩu,Microsoft,NewTechShop,27700000,Omnisonic speakers with Dolby® Audio™ Premium,14.5 giờ,Bluetooth 4.0 LE wireless technology,720p HD camera (front-facing),Intel HD Graphics 620 ,,,"USB 3.0, microSD, headphone/mic jack 3.5mm, Mini DisplayPort, Cover port, Surface Connect",Intel Core i5,(Dài x Rộng x Dày) 308.1 x 223.27 x 14.48 mm,IPS LCD,256GB,,,SSD,Đang cập nhật,Mỹ,Không,1.25g,8GB,2256 x 1504 pixels,13.5 inch,Window 10 S (Có thể nâng cấp Windows 10 Pro),,802.11ac Wi-Fi wireless networking; IEEE 802.11a/b/g/n compatible,,,,,,,,,,,,
"Bộ dán JCPAL 5 in 1 cho New Macbook Pro 13"" năm (2020-2021), Macbook Pro M1 ( model A2251 ,A2289 , A2338))",OEM,MBphukien,550000,,,,,,,,,,,,,,,,,,,,,,,,,,Việt Nam,,Việt Nam,,,,,,,,,
Laptop LG Gram 2021 14ZD90P-G.AX56A5 (Core i5-1135G7/ 16GB LPDDR4X/ 512GB SSD NVMe/ 14 WUXGA IPS/ NonOS) - Hàng Chính Hãng,LG,,37900000,HD Audio with DTS X Ultra,,,v5.1,Intel Iris Xe Graphics,,,"HP-Out(4Pole Headset, US type), USB 3.2 Gen2x1 (x2), HDMI,  USB 4 Gen3x2 Type C (x2, with Power Delivery, Display Port, Thunderbolt 4)","Intel 11th Generation i5 (Quad Core) i5-1135G7 (2.4 GHz, Turbo up to 4.2 GHz, L3 Cache 8MB, 28 W)",313.4 x 215.2 x 16.8 mm,IPS,512GB SSD,,14ZD90P-G.AX56A5,,72 Wh Li-Ion,,,999g,16GB LPDDR4X (Dual Channel),,14 inch,,,"Intel Wireless-AX201 (802.11ax, 2x2, Dual Band)",Hàn Quốc,,Trung Quốc,,,,,,,,,
Laptop Acer Nitro 5 Gaming AN515 57 74NU i7 11800H/8GB/512GB/4GB RTX3050Ti/144Hz/Balo/Win10 (NH.QD9SV.001.) - Hàng chính hãng,Acer,Thế Giới Di Động Official,28990000,"Acer TrueHarmony, DTS X:Ultra Audio",,Bluetooth 5.1, HD webcam, Card rời - NVIDIA GeForce RTX3050Ti,,,Jack tai nghe 3.5 mm  3 x USB 3.2  HDMI  LAN (RJ45)  USB Type-C, Intel Core i7 Tiger Lake - 11800H,,Tấm nền IPS  LED Backlit  Acer ComfyView,"SSD 512 GB NVMe PCIe (Có thể tháo ra, lắp thanh khác tối đa 1TB)  Hỗ trợ khe cắm HDD SATA (nâng cấp tối đa 2TB)  Hỗ trợ thêm 1 khe cắm SSD M.2 PCIe mở rộng (nâng cấp tối đa 1TB)",,AN515 57 74NU,,"4-cell Li-ion, 57 Wh",,,2.2 Kg, 8 GB,,,Windows 10 Home SL,, Wi-Fi 6 (802.11ax),Đài Loan, 2.30 GHz Tốc độ tối đa  Turbo Boost 4.6 GHz,Trung Quốc,LAN (RJ45), DDR4 2 khe (1 khe 8GB + 1 khe rời), Wi-Fi 6 (802.11ax)Bluetooth 5.1,,,4 GB,,,
EDXIS CHROMEBOOK11 (S20-C) - Hàng nhập khẩu,Intel,GIMASYS,14087040,,,,,,,,,,,,,,,,,,,,,,,,,,Singapore,,china,,,,,,,,,
Microsoft Surface Pro X (13/ SQ1TM/ 8GB/ 128GB SSD/ WiFi + 4G LTE/ Black) - Hàng Nhập Khẩu,Microsoft,Detico,23500000,,~13 giờ,Bluetooth 5.0," Camera trước 5.0 MP 1080p HD, hỗ trợ tính năng nhận diện khuôn mặt Windows Hello Camera sau 10.0 MP, tự động lấy nét ",Microsoft SQ1 Adreno 685,,,"2 USB C,1 khe nano SIM, 1 cổng sạc Surface Connect, 1 cổng gắn bàn phím Cover",Microsoft SQ1,287 mm x 208 mm x 7.3 mm,,128GB,,,SSD,,,,774g,8GB,,,,,Wifi 5,Mỹ,,Trung Quốc,,LPDDR4x RAM,Qualcomm Snapdragon X24 LTE Modem,,3733Mbps,,,,
Laptop Acer Gaming Nitro 5 AN515-45-R0B6 (NH.QBCSV.001) (Ryzen 7 5800H /8GB Ram/512GB SSD/RTX3060 6G/15.6 inch FHD 144Hz/Win 10/Đen) (2021)(Hàng Chính Hãng),Acer,Hanoi computer,32099000,,,,,,,,,,,,,,,,,,,,,,,,,,Trung Quốc,,Trung Quốc,,,,,,,,,
Laptop HP ProBook 450 G8 2Z6L0PA i5-1135G7 | RAM 8GB | 256GB SSD | NVIDIA Geforce MX450 2GB | 15.6 inch FHD | FreeDOS - Hàng Chính Hãng,HP,HP 1Digital Store,21390000,,,,,,,,,,,,,,,,,,,1.74kg,,,,FreeDOS,,,Việt Nam,,Việt Nam,,,,,,,,,
Microsoft Surface Pro 2018 - Core i5-8250U/8G/256GB - Hàng Chính Hãng,Microsoft,,27445000,Loa Stereo (Dolby Audio Premium),13.5 giờ sử dụng,4.1,"Camera sau: 8.0MP autofocus, quay video 1080p HD, Camera trước: 5.0 MP camera trước, Quay video 1080p HD, Công nghệ Windows Hello nhận diện khuôn mặt",Intel UHD Graphics 620,MicroSDXC,8250U,"USB 3.0, 3.5 mm headphone jack, Mini DisplayPort, Surface Connect port, Surface Type Cover port, tương thích với Surface Dial",Intel Core 8th Gen i5,29.21 x 20.142 x 0.85 mm,"267 ppi Touch, IPS",256GB,"Chuẩn WIFI: 802.11 ac
Kết nối không dây: Bluetooth 4.1",,SSD,Lithium-Polymer,,,775g,8GB,QHD+ (2736 x 1824),12.3 inch,Windows 10 Home,Tích hợp, IEEE 802.11 a/b/g/n/ac compatible,,,,,,,,,,,,
Laptop ASUS ZenBook UX425EA-KI429T (Core i5-1135G7/ 8GB LPDDR4X 3200MHz/ 512GB SSD M.2 PCIE G3X2/ 14 FHD IPS/ Win10) - Hàng Chính Hãng,Asus,Tiki Trading,23449000,Harman Kardon,,v5.0,3D IR HD camera with Windows Hello support,Intel Iris Xe Graphics,MicroSD Card Reader,,2x Thunderbolt 4 USB-C (up to 40Gbps); 1x USB 3.2 Gen 1 Type-A (up to 5Gbps); 1x Standard HDMI 2.0a,Intel Core i5-1135G7 2.4GHz up to 4.2GHz 8MB,31.9 x 20.8 x 1.39 (cm),"14"" FHD (1920 x 1080) IPS, Anti-Glare, 100% sRGB, 400nits",512GB SSD M.2 PCIE G3X2,,,,4 Cell 67WHr Lithium-Polymer,,,1.17kg,8GB LPDDR4X 3200MHz (Onboard),Full HD (1920 x 1080),14 inch,Windows 10 Home,,Intel WiFi 6 with Gig+ performance (802.11ax),Đài Loan,,Trung Quốc,,,,,,,,,
Surface Pro 7 Core I5 Ram 8Gb Ssd 256Gb Brand New - Nhập Khẩu,Surface,SURFACEVIET,25490000,,~ 10.5 giờ (theo công bố của Microsoft),,,,,,,,,,,,,,,,,,8GB,,,,,,Mỹ,,Mỹ,,,,,,,,,
Màn Hình Android Oled C2 (New) Theo Xe HUYNDAI I10 2014-2020,OEM,,5500000,,,,,,,,,,,,,,,,,,,,,,,,,,Việt Nam,,Việt Nam,,,,,,,,,
Microsoft Surface Laptop 2 - Core i5-8250U/RAM 8GB/ SSD 256GB - Hàng Chính Hãng,Microsoft,,31900000,Stereo microphones Omnisonic Speakers with Dolby Audio Premium,,,,,,,,,,,256GB,,Microsoft Surface Laptop 2,,,,,,,,,,,,,,,,,,,,,,,
Vivobook ASUS  R564JA-UH31T Core i3-1005G1 / RAM 4GB / SSD 128GB / 15.6 Full HD Touchscreen / Win 10- Hàng nhập khẩu,Asus,Hà Nội Lab,13850000,,,,,,,,,,,,,,,,,,,,,,,,,,Đài Loan,,Mỹ,,,,,,,,,
"Máy tính xách tay Lenovo ThinkPad X280,i5  Hàng chính hãng",Lenovo,CICI LAPTOP,20500000,,,,,,,,,,,,,,,,,,,,,,,,,,,,,,,,,,,,,
Túi chống sốc  (USA) 360° Protective Macbook - Surface 13.3inch Dazzling Blue - A13,OEM,,780000,,,,,,,,,,,,,,,,,,,,,,,,,,Việt Nam,,Việt Nam,,,,,,,,,
Pin Máy Tính dành cho Dell Precision 3510 (Type G9G1H 4F5YV 84WH) - Pin Dell Latitude 5570,OEM,Tào Máy Tính,1517500,,,,,,,,,,,,,,,,,,,,,,,,,,Việt Nam,,Việt Nam,,,,,,,,,
Laptop Gigabyte AERO 15 OLED XD-73S1624GH (Core i7-11800H/ 16GB (8x2) DDR4 3200MHz/ 1TB SSD M.2 PCIE G3X4/ RTX 3070 8GB GDDR6/ 15.6 UHD Samsung AMOLED/ Win10) - Hàng Chính Hãng,Gigabyte,,59990000,"	DTS:X Ultra",,V5.2,HD Camera,"	NVIDIA GeForce RTX 3070 8GB GDDR6 Boost Clock 1290 MHz, Maximum Graphics Power 105 W",,,"1x Thunderbolt 4 (Type-C) (Optional), 3x USB 3.2 Gen1 (Type-A), 1x HDMI 2.1, 1x mini DP 1.4, 1x 3.5mm Headphone/Microphone Combo Jack, 1x DC-in Jack, 1x RJ-45","	Intel Core i7-11800H 2.3GHz up to 4.6GHz 24MB",356 x 250 x 19.9 (mm),"Samsung AMOLED Display (VESA DisplayHDR 400 True Black, 100% DCI-P3)",1TB SSD M.2 PCIE G3X4 (2 Slots),,XD-73S1624GH,,"	4 Cell 99 WHrs",,,"	2.0 kg","	16GB (8x2) DDR4 3200MHz (2x SO-DIMM socket, up to 64GB SDRAM)",,15.6 inch,Windows 10 Home,,"Intel AX201 Wireless (802.11ax, a/b/g/n/ac/ax compatible)",Đài Loan,,Trung Quốc,RTL8125-BG REALTEK (2.5G) Ethernet,,,,,8GB,,,
Laptop Lenovo Yoga Slim 7i Pro 14IHU5O 82NH0011VN (Core i7-11370HG/ 16GB LPDDR4x 4266MHz Onboard/ 1TB M.2 2280 PCIe 3.0x4 NVMe/ MX450 2GB GDDR6/ 14 2.8K IPS 400nits 90Hz OLED/ Win10) - Hàng Chính Hãng,Lenovo,Tiki Trading,32729000,,,v5.1,720p + IR + ToF ,NVIDIA GeForce MX450 2GB GDDR6,,," 1 x USB 3.2 Gen 1 (Always On),  2 x Thunderbolt 4 / USB4 40Gbps (support data transfer, Power Delivery 3.0 and DisplayPort 1.4),  1 x headphone / microphone combo jack (3.5mm)","Intel Core i7-11370H (3.30GHz up to 4.80GHz, 12MB Cache)",,"IPS 400nits Glossy, 90Hz, 100% sRGB, Dolby Vision, glass OLED",1TB M.2 2280 PCIe 3.0x4 NVMe SSD,,82NH0011VN ,,"4 Cell, 61WHrs",,,1.30 kg,16GB LPDDR4x 4266MHz Onboard,,14 inch,,,802.11ax 2x2 Wi-Fi,Trung Quốc,,Trung Quốc,,,,,,,,,
Laptop Asus Gaming TUF FX706HC-HX003T (i5 11400H/8GB RAM/512GB SSD/17.3 FHD/RTX 3050 4Gb/Win10/Xám)- Hàng chính hãng,Asus,Thế Giới Di Động Official,26690000,DTS Audio,,Bluetooth 5.2,HD webcam,NVIDIA GeForce RTX3050,,,3 x USB 3.2 ;Thunderbolt 4 USB-C;LAN (RJ45);HDMIJack tai nghe 3.5 mm,Intel Core i5 Tiger Lake 11400H,,"Tấm nền IPS , Chống chói Anti Glare , 250 nits",512GB SSD,,FX706HC-HX003T,,"3-cell Li-ion, 48 Wh",,Không,2.6 Kg,8 GB,,,Win 10 bản quyền,,Wi-Fi 6 (802.11ax),Đài Loan,2.70 GHz Tốc độ tối đa Turbo Boost 4.5 GHz,Trung Quốc,LAN (RJ45),DDR4 2 khe (1 khe 8GB + 1 khe rời),Bluetooth 5.2Wi-Fi 6 (802.11ax),,,4G,,,
Laptop LG Gram 2020 17Z90N-V.AH75A5 (Core i7-1065G7/ 8GB/ 512GB NVMe/ 17 WQXGA IPS (2560*1600)/ Win10 Home Plus/ Silver) - Hàng Chính Hãng,LG,Tech IT Store,34490000,HD Audio with DTS:X Ultra,,v5.0,HD Webcam with Dual Mic,Intel Iris Plus Graphics,,1065G7 ,"3x USB 3.1, HDMI, 1x USB 3.1 Gen2 Type-C, Thunderbolt 3 (Power delivery), Finger Print",Intel Core i7,380.6 x 262.6 x 17.4 mm,IPS,"512GB PCIe NVMe M.2 SSD (2 slot, còn trống 1 khe SSD)",,, SSD,80WHr 10.336mAh,,,1.350g,"8GB (1x SO-DIMM socket, up to 16GB SDRAM)",WQXGA (2560 x 1600),17 inch,Windows 10 Home,,"	Intel Wi-Fi 6 AX201D2W",Hàn Quốc,1.30GHz up to 3.90GHz,Trung Quốc,10/100 with RJ45 Gender,DDR4,,,3200MHz ,,,,
Laptop LG Gram 2021 17Z90P-G.AH76A5 (Core i7-1165G7/ 16GB LPDDR4X/ 512GB SSD NVMe/ 17 WQXGA IPS/ Win10) - Hàng Chính Hãng,LG,Tiki Trading,50779000,HD Audio with DTS:X Ultra,,v5.1,HD Webcam with Dual Mic,Intel Iris Xe Graphics,"UFS, Micro SD",,"2x USB 3.2 Gen2, 2x USB Type-C Thunderbolt 4, 1x HDMI",Intel Core i7-1165G7 ,380.2 x 260.1 x 17.8 mm,"IPS, DCI-P3 99%","512GB PCIe NVMe M.2 SSD (2 slot, còn trống 1 khe M.2)",,,SSD,80WHr 10.336mAh,,,1.35kg,16GB (8GBx2),WQXGA (2560 x 1600),17 inch,Windows 10 Home,Tích hợp,Intel Wi-Fi 6 AX201D2W,Hàn Quốc,2.8GHz up to 4.7GHz 12MB,Trung Quốc,10/100 with RJ45 Gender,LPDDR4X,,,4266MHz,,,,
Microsoft Surface Pro 2018 - Core i7-8650U/8G/256GB (KJU-00016) - Hàng Chính Hãng,Microsoft,NewTechShop,38080000,Loa Stereo (Dolby Audio Premium),13.5 giờ sử dụng,V4.1,"Camera sau: 8.0MP autofocus, quay video 1080p HD, Camera trước: 5.0 MP camera trước, Quay video 1080p HD, Công nghệ Windows Hello nhận diện khuôn mặt",Intel UHD Graphics 620,MicroSDXC,8650U,"USB 3.0, 3.5 mm headphone jack, Mini DisplayPort, Surface Connect port, Surface Type Cover port, tương thích với Surface Dial",Intel Core i7,29.21 x 20.142 x 0.85 mm,"267 ppi Touch, IPS",256GB,"Chuẩn WIFI: 802.11 ac
Kết nối không dây: Bluetooth 4.1",KJU-00016,SSD ,Lithium-Polymer,Trung Quốc,Không,775g,8GB,QHD+ (2736 x 1824),12.3 inch,Windows 10 Home,Tích hợp,802.11 a / b / g / n / ac,,1.9GHz Turbo Boost 4.2GHz,,Không,,,,,,,,
"Hyperdrive Gen2 12-In-1 For Macbook, Ipad Pro 2018-2020, PC & Devices (G212)-chính hãng",Hyper,Tiki Trading,3220000,,,,,,,,,,,,,,,,,,,,,,,,,,Mỹ,,Mỹ,,,,,,,,,
"Laptop MSI GF65 Thin 10UE-228VN (Core i7-10750H/ 16GB (8GBx2) DDR4 3200MHz/ 512GB SSD M.2 PCIE/ RTX 3060 6GB GDDR6 Max-Q/ 15.6 FHD IPS, 144Hz/ Win10) - Hàng Chính Hãng",MSI,Thế Giới Di Động Official,31990000,Nahimic Audio,,v5.1,HD webcam,Card rời - NVIDIA GeForce RTX 3060 Max-Q,,," Jack tai nghe 3.5 mm, 2 x USB 3.2, HDMI, LAN (RJ45), 2 x USB Type-C", Intel Core i7 Comet Lake - 10750H,359 x 254 x 21.7 mm,"LED, Tấm nền IPS",512GB,Wi-Fi 6 (802.11ax),10UE-228VN,"SSD, Hỗ trợ thêm 1 khe cắm SSD M.2 PCIe mở rộng","3-cell Li-ion, 51 Wh",,,1.86 kg,16GB,Full HD (1920 x 1080),15.6 inch,Windows 10 Home SL,,Wi-Fi 6 (802.11ax),Đài Loan,Turbo Boost 5.0 GHz,Trung Quốc,LAN (RJ45),DDR4 2 khe (1 khe 8GB + 1 khe 8GB),,,,6GB,,, Full HD (1920 x 1080)
Microsoft Surface Pro 7 Model QWW-00001  I7/16Gb/ 256Gb - Kèm bàn phím- Material black-New seal-  Hàng nhập khẩu,Microsoft,,38900000,2 stereo speaker,10.5h, Bluetooth 4.1,"5MP and 1080p HD front- and rear-facing cameras,8.0MP rear-facing autofocus camera with 1080p HD video",VGA:  Intel Iris Plus Graphics,Không,Intel," x Surface Connect, 1 x Cover port, microSDXC, 1 x USB 3.0, 1 x USB 3.1 Type-C", Quad-core 10th Gen Intel Core i7-1065G7 Processor,,12.3” PixelSense 2736 x 1824 (267 PPI) Touch,256,802.11ac Wi-Fi,QWW-00001`,SSD,LITIUM,,Không,0.79 kg,16GB,,,Windows 10 Home bản quyền + Microsoft Office 365 30-day trial (bản dùng thử 30 ngày),,802.11ac Wi-Fi,Mỹ,"1.30Ghz up to 3.90GHz, 8MB Cache)",Trung Quốc,Không,DDR4,Không,,,4gb,,4h, Material black
Laptop Dell Vostro 3500 7G3981 (Core i5-1135G7/ 8GB DDR4 3200MHz/ 256GB SSD M.2 PCIE/ 15.6 FHD/ Win10) - Hàng Chính Hãng,Dell,Tiki Trading,19990000,Realtek ALC3204,,v4.2,HD Webcam,Intel Iris Xe Graphics,SD 3.0 card,Intel Core i5,"2x USB 3.2 Gen 1 Type-A, 1x USB 2.0 Type-A, 1x HDMI, RJ-45",Intel Core i5-1135G7 2.4GHz up to 4.2GHz 8MB,363.96 x 249 x 19.9 mm,Anti-Glare,"256GB SSD M.2 PCIE, 1x slot SATA3 2.5""",,7G3981,,3 Cell 42WHr,,,1.98 kg,"8GB DDR4 3200MHz (2x SO-DIMM socket, up to 16GB SDRAM)",Full HD (1920 x 1080),15.6 inch,,,802.11 AC,Mỹ,2.4GHz up to 4.2GHz,Trung Quốc,10/100/1000 Mbps,DDR4,,,,,,,
"Laptop Asus FX516PE i7 11370H/8GB/512GB/4GB RTX3050Ti/15.6""F/144Hz/Win10/(HN005T)/Xám - Hàng chính hãng",Asus,Thế Giới Di Động Official,29490000,"Stereo speakers, DTS X:Ultra Audio",,Có,Không tích hợp,Card rời - NVIDIA GeForce RTX3050Ti,,,Jack tai nghe 3.5 mm  Thunderbolt 4 USB-C  3 x USB 3.2  HDMI  LAN (RJ45), Intel Core i7 Tiger Lake - 11370H,,Tấm nền IPS  Chống chói Anti Glare  Adaptive-Sync  250 nits  Tần có quét 144 Hz," SSD 512 GB NVMe PCIe, Hỗ trợ thêm 1 khe cắm SSD M.2 PCIe mở rộng","LAN (RJ45), 
Wi-Fi 6 (802.11ax)",TUF Gaming FX516PE i7,,4-cell Li-ion,,,2 kg,8 GB,,,Windows 10 Home SL,,Có,Đài Loan,3.30 GHz Tốc độ tối đa Turbo Boost 4.8 GHz,Trung Quốc,LAN (RJ45),DDR4 2 khe (1 khe 8GB onboard + 1 khe trống),"Wi-Fi 6 (802.11ax), Bluetooth 5.1",,,4 GB,,76 Wh,
Dầu thủy lực: Triad ISO VG 68 xô 20 lít,OEM,Minh Chung Auto,1289000,,,,,,,,,,,,,,,,,,,,,,,,,,Việt Nam,,Việt Nam,,,,,,,,,
Laptop Dell Inspiron 3501 Core i5-1135G7 / RAM 12GB / SSD 256GB / Full HD / Windows 10 / Nhám - Hàng Nhập Khẩu Mỹ,Dell,Hà Nội Lab,19950000,High-definition audio interface,,Bluetooth,720p HD,Onboard,One SD-card slot,,"USB 3.2 Gen 1 (x2), USB2.0 (x1), HDMI 1.4- SD Media Card Reader (SD, SDHC, SDXC) – RJ45 – 10/100/1000Mbps- 1 combo headphone / microphone jack",10th Generation Intel CoreTM i5-1035G7,,FHD (1920×1080),256GB M.2 PCIe NVMe Solid State Drive,Wifi 802.11ac 1x1 WiFi and Bluetooth,Dell Inspiron 3501,SSD,"3-Cell, 42 WHr, Integrated battery",,None,1.7 kg,"12GB, DDR4, 3200MHz",,,Windows 10 Home 64 bản quyền,Onboard,802.11ac 1x1,Mỹ,up to 3.7 GHz,Mỹ,RJ 45,"DDR4, 3200MHz",802.11ac 1x1 WiFi and Bluetooth,,,,Dell,,Đen Nhám
MẶT DƯỠNG LẮP MÀN HÌNH ANDROID FORD EVEREST  2007-2015 +JAK CẮM ZIN,OEM,Màn hình android oled,349000,,,,,,,,,,,,,,,,,,,,,,,,,,Việt Nam,,Việt Nam,,,,,,,,,
Laptop LG Gram 2021 17ZD90P-G.AX71A5 (Core i7-1165G7/ 16GB LPDDR4X/ 256GB SSD NVMe/ 17 WQXGA IPS/ NonOS) - Hàng Chính Hãng,LG,,43099000,HD Webcam with Dual Mic,,v5.1,HD Webcam with Dual Mic,Intel Iris Xe Graphics,"UFS, Micro SD",,"2x USB 3.2 Gen2, 2x USB Type-C Thunderbolt 4, 1x HDMI",Intel Core i7-1165G7,380.2 x 260.1 x 17.8 mm,"IPS, DCI-P3 99%","256GB PCIe NVMe M.2 SSD (2 slot, còn trống 1 khe M.2)",,,SSD,80WHr 10.336mAh,,,1.35kg,16GB (8GBx2,WQXGA (2560 x 1600),17 inch,FreeDos,Tích hợp,Intel Wi-Fi 6 AX201D2W,Hàn Quốc,2.8GHz up to 4.7GHz 12MB,Trung Quốc,10/100 with RJ45 Gender,LPDDR4X,,,4266MHz,,,,
Bàn phím cho Acer Aspire 4210 4520 4710 5220 5310 5720 5235 6920 Trắng Hàng Mới 100%,OEM,Linh Kiện Máy tính SG,152000,,,,,,,,,,,,,,,,,,,,,,,,,,Việt Nam,,Việt Nam,,,,,,,,,
"Laptop Gigabyte G5 KC-5S11130SH (Core i5-10500H/ 16GB (8x2) DDR4 3200MHz/ 512GB SSD M.2 PCIE G3X4/ RTX 3060 6GB GDDR6/ 15.6 FHD IPS, 144Hz, 3ms/ Win10) - Hàng Chính Hãng",Gigabyte,Tiki Trading,29990000,Nahimic 3,,V5.0 + LE,HD Camera,"NVIDIA GeForce RTX 3060 6GB GDDR6 Boost Clock 1425 MHz, Maximum Graphics Power 105 W",SD Card Reader,,"1x USB 3.2 Gen 2 Type-C Ports Supporting: DisplayPort over USB-C, 1x USB3.2 Gen1 Type-A, 1x USB3.2 Gen2 Type-A, 1x USB2.0 Type-A, 1x HDMI 2.0 (with HDCP), 1x mini DP 1.4, 1x Audio combo jack, 1x Microphone jack, 1x DC-in Jack, 1x RJ-45",Intel Core i5-10500H ,361 x 258 x 27.9 (mm),"IPS, Anti-Glare with 72% NTSC, 100% sRGB, 144Hz, 3ms, 300nits","512GB SSD M.2 PCIE G3X4 (Còn trống 1 khe SSD M.2 PCIE và 1 khe 2.5"" SATA)",,,SSD,Windows 10 Home,,,2.2kg,"16GB (8x2) DDR4 3200MHz (2x SO-DIMM socket, up to 64GB SDRAM)",Full HD (1920 x 1080),,Windows 10 Home,,"Intel AX200 Wireless (802.11ax, a/b/g/n/ac/ax compatible)",Đài Loan,2.5GHz up to 4.5GHz 12MB,Trung Quốc,RTL8411B REALTEK (1G) Ethernet,DDR4,,,3200MHz,,,,
Decal Dán Laptop Cho Macbook Mac - 232,OEM,DECAL SÀI GÒN,115000,,,,,,,,,,,,,,,,,,,,,,,,,,Việt Nam,,Việt Nam,,,,,,,,,
Laptop Dell Gaming G3 15 i7 10750H/16GB/512GB/6GB GTX1660Ti/120Hz/Win10 (P89F002BWH) - Hàng chính hãng,Dell,Thế Giới Di Động Official,31490000, Nahimic 3,, Bluetooth 5.0, HD webcam, Card rời - NVIDIA GeForce GTX 1660Ti,,,"Jack tai nghe 3.5 mm, 1 x USB 3.2, HDMI, Thunderbolt 3, 2 x USB 2.0, Mini DisplayPort", Intel Core i7 Comet Lake - 10750H,, LED/WVA,SSD 512 GB NVMe PCIeHỗ trợ thêm 1 khe cắm SSD M.2 PCIe mở rộng,,G3 15,,"4-cell Li-ion, 68 Wh",,,2.58 kg,16 GB,,,Windows 10 Home SL,,Wi-Fi 6 (802.11ax),Mỹ,2.60 GHz Tốc độ tối đa Turbo Boost 5.0 GHz,Trung Quốc,LAN (RJ45),DDR4 2 khe (1 khe 8GB + 1 khe 8GB),Bluetooth 5.0Wi-Fi 6 (802.11ax),,,6GB,,,
Máy tính laptop Surface Book 2 15 Inch Core I7 Ram 16Gb 1Tb (New) - Hàng chính hãng,Surface,SURFACEVIET,60000000,,17h liên tục,,,,,,,,,,,,,,,,,,16GB,,,,,,Mỹ,,Mỹ,,,,,,,,,
Apple MacBook Pro 2020 M1 - 13 Inchs (Apple M1/ 8GB/ 256GB) - Hàng Chính Hãng,Apple,Thế Giới Di Động Official,33490000,"Stereo speakers with high dynamic range, Three microphones, 3.5 mm Headphone jack",Khoảng 10 tiếng,Bluetooth 5.0 wireless technology,720p FaceTime HD camera,The 8-core GPU in M1 chip,,Apple M1,"Two Thunderbolt 3 / USB 4 ports; Support for Charging, DisplayPort, ThunderBolt (up to 40Gbps), USB 3.1 Gen 2 (up to 10 Gbps)","Apple M1 chip with 8-core CPU, 8-core GPU, and 16-core Neural Engine",1.56 cm x 30.41 cm x 21.24 cm,"LED-backlit display with IPS technology; 2560-by-1600 native resolution at 227 pixels per inch with support for millions of colors 500 nits brightness; Wide color gamut (P3), True Tone technology",256GB SSD,,Pro 2020 M1,SSD,"58.2-watt-hour lithium-polymer, 61W USB-C Power Adapter",,,1.4 kg,8GB unified memory,WQXGA (2560 x 1600),13.3 inch,MacOS,,802.11ax WI-FI 6 wireless networking; IEEE 802.11a/b/g/n/ac compatible; Bluetooth 5.0 wireless technology,Mỹ,,Trung Quốc,,,,,,,,,
Laptop Acer Aspire A315-57G-524Z (NX.HZRSV.009) (i5 1035G1/8GBRAM/512GB SSD/MX330 2G/15.6 inch FHD/ Win 10/Đen)(Hàng Chính Hãng),Acer,Ben Computer,17990000,,,,,,,,,,,,,,,,,,,,,,,,,,Trung Quốc,,Trung Quốc,,,,,,,,,
Cáp Kết Nối Chuân USB 2.0 Qua Chân Simline Sata Của Ổ Đĩa DVD,OEM,Shop Phuthuy,115700,,,,,,,,,,,,,,,,,,,,,,,,,,Việt Nam,,Việt Nam,,,,,,,,,
Mặt dưỡng lắp màn hình Android - Toyota Altis 2017-2018 (9 inch) - JACK ZIN,OEM,Màn hình android oled,399000,,,,,,,,,,,,,,,,,,,,,,,,,,Việt Nam,,Việt Nam,,,,,,,,,
Laptop LG Gram 2020 15ZD90N-V.AX56A5 (Core i5-1035G7/ 8GB/ 512GB NVMe/ 15 FHD IPS/ NonOS/ White) - Hàng Chính Hãng,LG,,28990000,HD Audio with DTS:X Ultra,,v5.0,HD Webcam with Dual Mic,Intel Iris Plus Graphics,"UFS, Micro SD",1035G7,"3x USB 3.1, HDMI, 1x USB 3.1 Gen2 Type-C, Thunderbolt 3 (Power delivery), Finger Print",Intel Core i5,357.6 x 225.3 x 16.8 mm,"IPS, sRGB 96%, 300nits","512GB PCIe NVMe M.2 SSD (2 slot, còn trống 1 khe SSD)",,, SSD,80WHr 10.336mAh,,,1.120 g,"8GB (1x SO-DIMM socket, up to 16GB SDRAM)",Full HD (1920 x 1080),15 inch,Non OS,,Intel Wi-Fi 6 AX201D2W,Hàn Quốc, 1.2GHz up to 3.7GHz 6MB,Trung Quốc,10/100 with RJ45 Gender,DDR4,,,3200MHz ,,,,
"Laptop Dell Gaming G3 3500 G3500Cw (Core i7-10750H/ 2 x 8GB DDR4 2933MHz/ GTX 1650Ti 4GB GDDR6/ 256GB SSD M.2 NVMe + 1TB HDD 5400RPM/ 15.6 FHD WVA, 120Hz/ Win10) - Hàng Chính Hãng",Dell,,26517600,,,,, NVIDIA GeForce GTX 1650Ti 4GB GDDR6 / Intel UHD Graphics,,," 1 x USB Type C / DisplayPort , 1 x USB 3.2 , 2 x USB 2.0 , 1 x SD card slot , LAN 1 Gb/s,  1 x HDMI "," Intel Core i7-10750H ( 2.6 GHz - 5.0 GHz / 12MB / 6 nhân, 12 luồng )",,,256GB SSD M.2 NVMe / 1TB HDD 5400RPM,,,SSD, 3 cell Pin liền,,,2.5 kg, 2 x 8GB DDR4 2933MHz ( 2 Khe cắm),Full HD (1920 x 1080),15.6 inch,Windows 10 Home 64-bit,," WiFi 802.11ac , Bluetooth",Mỹ,,Trung Quốc,,DDR4,,,2933MHz,,,,
Surface Pro 7 Core I3 Ram 4Gb Sdd 128Gb Brand New - Hàng chính hãng,Surface,NewTechShop,18189000,,,,,,,,,,,,,,,,,,,,,,,,,,Mỹ,,Mỹ,,,,,,,,,
Laptop LG Gram 2021 14Z90P-G.AH75A5 (Core i7-1165G7/ 16GB LPDDR4X/ 256GB SSD NVMe/ 14 WUXGA IPS/ Win10) - Hàng Chính Hãng,LG,Tiki Trading,45984000,HD Audio with DTS X Ultra,,v5.1,HD Webcam with Dual Mic,Intel Iris Xe Graphics,,,"HP-Out(4Pole Headset, US type), USB 3.2 Gen2x1 (x2), HDMI,  USB 4 Gen3x2 Type C (x2, with Power Delivery, Display Port, Thunderbolt 4)","Intel 11th Generation i7(Quad Core) 'i7-1165G7 (2.8 GHz, Turbo up to 4.7 GHz, L3 Cache 12MB, 28W)",313.4 x 215.2 x 16.8 mm,IPS,256GB SSD,,14Z90P-G.AH75A5,,72 Wh Li-Ion,,,999g,16GB LPDDR4X (Dual Channel),,14 inch,,,"Intel Wireless-AX201 (802.11ax, 2x2, Dual Band)",Hàn Quốc,,Trung Quốc,,,,,,,,,
"LAPTOP DELL GAMING G5 15 5500 (G5500B) (Intel Core i7-10750H , 16GB DDR4 , 1TB SSD, 15.6'' FHD (WVA) 300Hz, NVIDIA(R) GeForce RTX 2070 8GB GDDR6, Win10 HomePlus SL,1Y, Premium Support ) - Hàng Chính Hãng",Dell,Tiki Trading,38990000,,"4-Cell, 68 Whr",v5.0,,NVIDIA(R) GeForce RTX 2070 8GB GDDR6,,,,"Intel Core i7-10750H (12MB Cache, 2.60 GHz, Turbo Boost 5.0 GHz)","24.5mm x 365.5mm x 254mm
2.34kg",15.6'' FHD (WVA) 300Hz - IPS,1TB SSD PCIe,,G5500B,,"4-Cell, 68 Whr",,,,,,,Windows 10 Home SL,,802.11ac,Mỹ,,Trung Quốc,,16GB (2x8GB) DDR4 2933MHz,,,,,,,
Laptop Asus ZenBook UX425EA-KI474T (Core i5-1135G7/ 8GB LPDDR4X 4266 MHz/ 512GB M.2 NVMe PCIe 3.0 SSD/ 14 FHD IPS/ Win10) - Hàng Chính Hãng,Asus,Tiki Trading,23449000,,,v5.0,, Intel Iris Xe Graphics,,,"1 x USB 3.2 , 2 x Thunderbolt 4 , 1 x SD card slot"," Intel Core i5-1135G7 ( 4.2 GHz / 8MB / 4 nhân, 8 luồng )",,"	\IPS",512 GB SSD,,UX425EA-KI474T,," 4 cell 67 Wh , Pin liền",,, 1.1 kg, 8GB Onboard LPDDR4X ( 1 Khe cắm),,14 inch,,, WiFi 802.11ax (Wifi 6),Đài Loan,,Trung Quốc,,,,,,,,,
Laptop Dell Inspiron 7490 Core i7-10510U / 8GB / 512GB / Full HD / Win 10 / Silver - Hàng Nhập Khẩu Mỹ,Dell,,25750000,Intel High Waves MaxxAudio Pro,,Chuẩn Bluetooth Ver. 4.0,HD Camera (720p),Intel UHD Graphics,,,3.5 mm Headphone/Microphone combination jack; 2 USB 3.1 Gen 1; 1 Thunderbolt 3 (DP/Power Delivery) Type-C; 1 HDMI 2.0,Intel Core i7-10510U 1.8 Ghz up to 4.9 GHz,,14.0 inch FHD (1920x1080) TrueLife Non-Touch 300nits 100%sRGB Wide Viewing Angle LED-Backlit Display,512GB,802.11ax 2x2 WiFi and Bluetooth,Dell Inspiron 7490,SSD,"4-Cell Battery, 52 Whr (Integrated)",,None,1.2 kg,"8GB, LPDDR3, 2133 MHz, Integrated",,,Windows 10 Bản quyền,Onboard,802.11ax 2x2 WiFi,Mỹ,up to 4.9 GHz,Mỹ,None,"8GB, LPDDR3, 2133 MHz, Integrated",802.11ax 2x2 WiFi and Bluetooth,,,,Dell,,Màu Bạc
Laptop Acer Aspire A315-56-59XY NX.HS5SV.003 (Core i5 1035G1/ 4GB RAM/ 256GB SSD/ 15.6  FHD/  Win 10) - Hàng Chính Hãng,Acer,Xuân Vinh Computer,12870000,,,,HD,,,Intel," 1 x 2.5"" SATA , 1 x M.2 NVMe",Intel Core i5 1035G1,36.34 x 24.75 x 1.99 cm,Acer ComfyView LED LCD,256GB,,,SSD,Pin liền,,None,1.7 kg,4 GB,Full HD (1920 x 1080),15.6 inch,Win 10 Home,,,Đài Loan,1.0 GHz - 3.6 GHz,Trung Quốc,Gigabit,DDR4 2400MHz,,,,,,,
Laptop Acer Gaming Nitro 5 Eagle AN515-57-74RD (NH.QD8SV.001) (i7 11800H/8GB Ram/512GB SSD/RTX3050 4G/15.6 inch FHD 144Hz/Win 10/Đen) (2021)(Hàng Chính Hãng),Acer,Hanoi computer,27799000,,,,,,,,,,,,,,,,,,,,,,,,,,Trung Quốc,,Trung Quốc,,,,,,,,,
Surface Pro 6 Intel Core I7 Ram 16Gb Ssd 512Gb (New)- Hàng chính hãng,Surface,SURFACEVIET,34790000,,,,,,,,,,,,,,,,,,,,,,,,,,Mỹ,,Mỹ,,,,,,,,,
Apple Macbook Pro Touch Bar 2019 MV962 - 13 Inchs (i5/ 8GB/ 256GB) - Hàng Chính Hãng,Apple,Antam Trading,44450000,Stereo speakers with high dynamic range,,Bluetooth 5.0,FaceTime HD camera,Intel Iris Plus Graphics 655,,2.4GHz Quad-core Intel Core I5,"4 Cổng Thunderbolt 3 (USB-Type C), Cổng âm thanh 3.5mm",Intel Core I5,1.49 x 30.41 x 21.24 cm,Màn mình rộng LED Retina,,,,,,,,1.37kg,256GB,WQXGA (2560 x 1600),13.3 inch,Preinstalled macOS Mojave,Tích hợp,WIFI 802.11 ac,,Turbo Boost up to 4.1GHz,,,SSD,,,2133MHz,,,,
Sạc dành cho Laptop ASUS ZENBOOK UX430UA ASUS ZENBOOK UX430UQ - Hàng Nhập khẩu,HI PC,,314950,,,,,,,,,,,,,,,,,,,,,,,,,,Việt Nam,,Việt Nam,,,,,,,,,
"Laptop Acer Gaming Nitro 5 Eagle AN515-57-74NU NH.QD9SV.001 (Core i7-11800H/ 8GB DDR4 3200Mhz/ RTX 3050Ti 4G-GDDR6/ 512GB SSD PCIe NVMe/ 15.6 FHD IPS, 144Hz/ Win10) - Hàng Chính Hãng",Acer,Hanoi computer,29899000,Acer TrueHarmony technology; Acer Purified,,V5.0,HD,NVIDIA GeForce RTX 3050Ti 4G-GDDR6,,,"	1 x USB Type C; 1xUSB 3.2 Gen 1 port featuring power-off USB charging; 2xUSB 3.2 Gen 1 ports; 1xEthernet (RJ-45) port; 1xHDMI 2.0",Intel Core i7-11800H – CPU thế hệ 11 mới nhất,,144Hz slim benzel,"512GB SSD PCIe NVMe (nâng cấp tối đa 1TB SSD PCIe Gen3, 8 Gb/s, NVMe và 2TB HDD 2.5-inch 5400 RPM)",,,SSD,57 Wh,,,2.2 kg ,8GB,Full HD (1920 x 1080),15.6 inch,,Rời,802.11 SX,Đài Loan,,Trung Quốc,,DDR4,,,3200Mhz,,,,
